date,cs,c_elev
2010-01-01,170878.4199999996,648.04
2010-01-02,170710.7999999998,648.02
2010-01-03,170710.7999999998,648.02
2010-01-04,170626.9899999999,648.01
2010-01-05,170208.6080000004,647.96
2010-01-06,170041.32200000057,647.94
2010-01-07,170459.5370000001,647.99
2010-01-08,169957.6789999997,647.93
2010-01-09,169623.2140000001,647.89
2010-01-10,169623.2140000001,647.89
2010-01-11,169539.6780000002,647.88
2010-01-12,169456.14200000028,647.87
2010-01-13,169372.60600000038,647.86
2010-01-14,169456.14200000028,647.87
2010-01-15,169539.6780000002,647.88
2010-01-16,169623.2140000001,647.89
2010-01-17,169539.6780000002,647.88
2010-01-18,169539.6780000002,647.88
2010-01-19,169539.6780000002,647.88
2010-01-20,169623.2140000001,647.89
2010-01-21,169623.2140000001,647.89
2010-01-22,169456.14200000028,647.87
2010-01-23,169539.6780000002,647.88
2010-01-24,169706.75,647.9
2010-01-25,169539.6780000002,647.88
2010-01-26,169456.14200000028,647.87
2010-01-27,169289.07000000047,647.85
2010-01-28,170208.6080000004,647.96
2010-01-29,175431.6040000002,648.58
2010-01-30,178160.12,648.9
2010-01-31,179794.1600000001,649.09
2010-02-01,180570.0239999992,649.18
2010-02-02,181002.075,649.23
2010-02-03,180483.8159999993,649.17
2010-02-04,180656.2320000001,649.19
2010-02-05,180915.53,649.22
2010-02-06,181002.075,649.23
2010-02-07,180915.53,649.22
2010-02-08,182562.8239999999,649.41
2010-02-09,182302.2100000002,649.38
2010-02-10,180311.3999999995,649.15
2010-02-11,180915.53,649.22
2010-02-12,180828.985,649.21
2010-02-13,180656.2320000001,649.19
2010-02-14,181694.6799999999,649.31
2010-02-15,181175.165,649.25
2010-02-16,180225.1919999996,649.14
2010-02-17,179966.56799999988,649.11
2010-02-18,180052.77599999978,649.12
2010-02-19,180225.1919999996,649.14
2010-02-20,180397.6079999994,649.16
2010-02-21,180742.44,649.2
2010-02-22,180570.0239999992,649.18
2010-02-23,180483.8159999993,649.17
2010-02-24,180311.3999999995,649.15
2010-02-25,180052.77599999978,649.12
2010-02-26,180570.0239999992,649.18
2010-02-27,180742.44,649.2
2010-02-28,180828.985,649.21
2010-03-01,181521.345,649.29
2010-03-02,181348.255,649.27
2010-03-03,181002.075,649.23
2010-03-04,180656.2320000001,649.19
2010-03-05,180311.3999999995,649.15
2010-03-06,180656.2320000001,649.19
2010-03-07,181348.255,649.27
2010-03-08,181955.0500000006,649.34
2010-03-09,182128.6300000004,649.36
2010-03-10,181261.71,649.26
2010-03-11,180311.3999999995,649.15
2010-03-12,180397.6079999994,649.16
2010-03-13,180311.3999999995,649.15
2010-03-14,180397.6079999994,649.16
2010-03-15,180397.6079999994,649.16
2010-03-16,180483.8159999993,649.17
2010-03-17,180483.8159999993,649.17
2010-03-18,180311.3999999995,649.15
2010-03-19,180052.77599999978,649.12
2010-03-20,181607.89,649.3
2010-03-21,180397.6079999994,649.16
2010-03-22,179190.75999999978,649.02
2010-03-23,179449.3599999995,649.05
2010-03-24,180052.77599999978,649.12
2010-03-25,181434.8,649.28
2010-03-26,181261.71,649.26
2010-03-27,180828.985,649.21
2010-03-28,180138.9839999997,649.13
2010-03-29,180052.77599999978,649.12
2010-03-30,180052.77599999978,649.12
2010-03-31,180138.9839999997,649.13
2010-04-01,180138.9839999997,649.13
2010-04-02,180656.2320000001,649.19
2010-04-03,180828.985,649.21
2010-04-04,180828.985,649.21
2010-04-05,180828.985,649.21
2010-04-06,180742.44,649.2
2010-04-07,181261.71,649.26
2010-04-08,180915.53,649.22
2010-04-09,180656.2320000001,649.19
2010-04-10,180570.0239999992,649.18
2010-04-11,180570.0239999992,649.18
2010-04-12,180570.0239999992,649.18
2010-04-13,180483.8159999993,649.17
2010-04-14,180397.6079999994,649.16
2010-04-15,180397.6079999994,649.16
2010-04-16,180311.3999999995,649.15
2010-04-17,181348.255,649.27
2010-04-18,183869.80399999945,649.56
2010-04-19,183172.0620000002,649.48
2010-04-20,181002.075,649.23
2010-04-21,177732.26000000047,648.85
2010-04-22,175771.3119999998,648.62
2010-04-23,178074.5480000001,648.89
2010-04-24,179707.9600000002,649.08
2010-04-25,181261.71,649.26
2010-04-26,182997.9940000004,649.46
2010-04-29,182041.8400000005,649.35
2010-04-30,182649.8579999998,649.42
2010-05-01,181781.4700000008,649.32
2010-05-02,180483.8159999993,649.17
2010-05-03,180656.2320000001,649.19
2010-05-04,180742.44,649.2
2010-05-05,181002.075,649.23
2010-05-06,181002.075,649.23
2010-05-07,181175.165,649.25
2010-05-08,181002.075,649.23
2010-05-09,180742.44,649.2
2010-05-10,180483.8159999993,649.17
2010-05-11,180656.2320000001,649.19
2010-05-12,180483.8159999993,649.17
2010-05-13,180742.44,649.2
2010-05-14,182562.8239999999,649.41
2010-05-15,182041.8400000005,649.35
2010-05-16,180311.3999999995,649.15
2010-05-17,179880.36,649.1
2010-05-18,182302.2100000002,649.38
2010-05-19,182475.79,649.4
2010-05-20,183957.0830000003,649.57
2010-05-21,185445.222,649.74
2010-05-22,186499.9020000004,649.86
2010-05-23,186411.8900000005,649.85
2010-05-24,184656.5349999995,649.65
2010-05-25,183607.9669999997,649.53
2010-05-26,182997.9940000004,649.46
2010-05-27,181781.4700000008,649.32
2010-05-28,181955.0500000006,649.34
2010-05-29,182128.6300000004,649.36
2010-05-30,182128.6300000004,649.36
2010-05-31,182215.4200000003,649.37
2010-06-01,182041.8400000005,649.35
2010-06-02,181955.0500000006,649.34
2010-06-03,182302.2100000002,649.38
2010-06-04,182302.2100000002,649.38
2010-06-05,182041.8400000005,649.35
2010-06-06,181868.2600000007,649.33
2010-06-07,181694.6799999999,649.31
2010-06-08,181348.255,649.27
2010-06-09,181088.62,649.24
2010-06-10,180915.53,649.22
2010-06-11,180483.8159999993,649.17
2010-06-12,180225.1919999996,649.14
2010-06-13,179966.56799999988,649.11
2010-06-14,179707.9600000002,649.08
2010-06-15,179707.9600000002,649.08
2010-06-16,179104.55999999988,649.01
2010-06-17,178417.5919999997,648.93
2010-06-18,177732.26000000047,648.85
2010-06-19,177133.888,648.78
2010-06-20,176537.096,648.71
2010-06-21,175856.3779999997,648.63
2010-06-22,175177.2399999995,648.55
2010-06-23,174584.15200000018,648.48
2010-06-24,173992.1339999999,648.41
2010-06-25,173485.46000000046,648.35
2010-06-26,172810.84699999998,648.27
2010-06-27,172053.57599999924,648.18
2010-06-28,171717.4279999996,648.14
2010-06-29,172137.6130000001,648.19
2010-06-30,171633.3909999997,648.13
2010-07-01,171381.28,648.1
2010-07-02,171129.8500000003,648.07
2010-07-03,170962.22999999952,648.05
2010-07-04,170878.4199999996,648.04
2010-07-05,170962.22999999952,648.05
2010-07-06,171046.03999999943,648.06
2010-07-07,171297.4700000001,648.09
2010-07-08,171381.28,648.1
2010-07-09,172305.821,648.21
2010-07-10,174245.85600000058,648.44
2010-07-11,175431.6040000002,648.58
2010-07-12,176963.376,648.76
2010-07-13,178160.12,648.9
2010-07-14,179363.1599999996,649.04
2010-07-15,180742.44,649.2
2010-07-16,181868.2600000007,649.33
2010-07-17,182475.79,649.4
2010-07-18,182562.8239999999,649.41
2010-07-19,182475.79,649.4
2010-07-20,182302.2100000002,649.38
2010-07-21,182215.4200000003,649.37
2010-07-22,182041.8400000005,649.35
2010-07-23,181955.0500000006,649.34
2010-07-24,181955.0500000006,649.34
2010-07-25,181781.4700000008,649.32
2010-07-26,181348.255,649.27
2010-07-27,180828.985,649.21
2010-07-28,180915.53,649.22
2010-07-29,180483.8159999993,649.17
2010-07-30,179966.56799999988,649.11
2010-07-31,179449.3599999995,649.05
2010-08-01,178846.71200000017,648.98
2010-08-02,178160.12,648.9
2010-08-03,177475.54400000078,648.82
2010-08-04,176792.864,648.74
2010-08-05,176111.57599999942,648.66
2010-08-06,175601.18,648.6
2010-08-07,175092.4519999996,648.54
2010-08-08,174753.3,648.5
2010-08-10,173992.1339999999,648.41
2010-08-11,173738.72000000018,648.38
2010-08-12,173401.04000000056,648.34
2010-08-13,173063.36,648.3
2010-08-14,172726.67599999998,648.26
2010-08-15,172389.992,648.22
2010-08-16,172137.6130000001,648.19
2010-08-17,171801.46499999953,648.15
2010-08-18,171549.35399999982,648.12
2010-08-19,171213.66000000018,648.08
2010-08-20,170794.6099999997,648.03
2010-08-21,170375.89400000015,647.98
2010-08-22,170124.96500000046,647.95
2010-08-23,169790.3929999999,647.91
2010-08-24,169539.6780000002,647.88
2010-08-25,169289.07000000047,647.85
2010-08-26,168871.39,647.8
2010-08-27,168538.05800000002,647.76
2010-08-28,168204.726,647.72
2010-08-29,167788.34899999935,647.67
2010-08-30,167372.16399999982,647.62
2010-08-31,166956.55800000028,647.57
2010-09-01,166790.46999999954,647.55
2010-09-02,167788.34899999935,647.67
2010-09-03,168204.726,647.72
2010-09-04,168038.06,647.7
2010-09-05,168038.06,647.7
2010-09-06,167954.8230000001,647.69
2010-09-07,168871.39,647.8
2010-09-08,176451.84,648.7
2010-09-09,181002.075,649.23
2010-09-10,181002.075,649.23
2010-09-11,181175.165,649.25
2010-09-12,180915.53,649.22
2010-09-13,180742.44,649.2
2010-09-14,180656.2320000001,649.19
2010-09-15,180397.6079999994,649.16
2010-09-16,180138.9839999997,649.13
2010-09-17,179880.36,649.1
2010-09-18,179621.76000000027,649.07
2010-09-19,179363.1599999996,649.04
2010-09-20,179018.36,649.0
2010-09-21,178589.2400000005,648.95
2010-09-22,178331.7679999998,648.92
2010-09-23,177988.9760000002,648.88
2010-09-24,177903.4040000003,648.87
2010-09-25,178245.9439999999,648.91
2010-09-26,179104.55999999988,649.01
2010-09-27,179104.55999999988,649.01
2010-09-28,179018.36,649.0
2010-09-29,178932.53600000008,648.99
2010-09-30,178675.0640000004,648.96
2010-10-01,178417.5919999997,648.93
2010-10-02,178160.12,648.9
2010-10-03,177732.26000000047,648.85
2010-10-04,177304.4,648.8
2010-10-05,176963.376,648.76
2010-10-06,176451.84,648.7
2010-10-07,175941.4439999996,648.64
2010-10-08,175431.6040000002,648.58
2010-10-09,174922.8759999998,648.52
2010-10-10,174330.4300000005,648.45
2010-10-11,173907.56,648.4
2010-10-12,173401.04000000056,648.34
2010-10-13,173147.77999999988,648.31
2010-10-14,172726.67599999998,648.26
2010-10-15,172389.992,648.22
2010-10-16,172137.6130000001,648.19
2010-10-17,171969.53899999932,648.17
2010-10-18,171717.4279999996,648.14
2010-10-19,171549.35399999982,648.12
2010-10-20,171381.28,648.1
2010-10-21,171129.8500000003,648.07
2010-10-22,170794.6099999997,648.03
2010-10-23,171213.66000000018,648.08
2010-10-24,171885.50199999943,648.16
2010-10-25,171633.3909999997,648.13
2010-10-26,171549.35399999982,648.12
2010-10-27,171297.4700000001,648.09
2010-10-28,171046.03999999943,648.06
2010-10-29,170626.9899999999,648.01
2010-10-30,170292.25100000028,647.97
2010-10-31,170124.96500000046,647.95
2010-11-01,170041.32200000057,647.94
2010-11-02,169957.6789999997,647.93
2010-11-03,170208.6080000004,647.96
2010-11-04,169790.3929999999,647.91
2010-11-05,169205.53400000057,647.84
2010-11-06,168788.057,647.79
2010-11-07,168371.392,647.74
2010-11-08,168038.06,647.7
2010-11-09,167621.87499999953,647.65
2010-11-10,167455.40099999972,647.63
2010-11-11,167122.6460000001,647.59
2010-11-12,167122.6460000001,647.59
2010-11-13,166873.51399999944,647.56
2010-11-14,166458.2939999999,647.51
2010-11-15,166126.52600000027,647.47
2010-11-16,165877.80200000058,647.44
2010-11-17,165546.17,647.4
2010-11-18,165214.8820000004,647.36
2010-11-19,164883.59400000077,647.32
2010-11-20,164717.95,647.3
2010-11-21,164552.676,647.28
2010-11-22,164552.676,647.28
2010-11-23,164552.676,647.28
2010-11-24,164304.765,647.25
2010-11-25,164552.676,647.28
2010-11-26,164056.854,647.22
2010-11-27,163891.58,647.2
2010-11-28,163561.35599999942,647.16
2010-11-29,163809.0240000001,647.19
2010-11-30,163643.91199999934,647.17
2010-12-01,163231.1319999998,647.12
2010-12-02,163148.57599999988,647.11
2010-12-03,163066.02,647.1
2010-12-04,163313.6879999997,647.13
2010-12-05,163066.02,647.1
2010-12-06,162818.90100000027,647.07
2010-12-07,162654.15499999953,647.05
2010-12-08,162571.78199999963,647.04
2010-12-09,162324.6629999999,647.01
2010-12-10,162489.40899999972,647.03
2010-12-11,162654.15499999953,647.05
2010-12-12,162489.40899999972,647.03
2010-12-13,162077.8060000002,646.98
2010-12-14,162077.8060000002,646.98
2010-12-15,161995.56400000027,646.97
2010-12-16,162242.29,647.0
2010-12-17,162077.8060000002,646.98
2010-12-18,161831.08000000048,646.95
2010-12-19,161666.59599999973,646.93
2010-12-20,161666.59599999973,646.93
2010-12-21,161748.83800000057,646.94
2010-12-22,161748.83800000057,646.94
2010-12-23,161584.35399999982,646.92
2010-12-24,161995.56400000027,646.97
2010-12-25,162489.40899999972,647.03
2010-12-26,162324.6629999999,647.01
2010-12-27,162160.0480000001,646.99
2010-12-28,162324.6629999999,647.01
2010-12-29,162654.15499999953,647.05
2010-12-30,162983.64700000008,647.09
2010-12-31,163313.6879999997,647.13
2011-01-01,163396.2439999996,647.14
2011-01-02,163396.2439999996,647.14
2011-01-03,163478.79999999952,647.15
2011-01-04,163643.91199999934,647.17
2011-01-05,163809.0240000001,647.19
2011-01-06,163726.46799999924,647.18
2011-01-07,163726.46799999924,647.18
2011-01-08,163726.46799999924,647.18
2011-01-09,164470.039,647.27
2011-01-10,165214.8820000004,647.36
2011-01-11,165380.5260000002,647.38
2011-01-12,165297.7040000003,647.37
2011-01-13,165132.0600000005,647.35
2011-01-14,165132.0600000005,647.35
2011-01-15,165214.8820000004,647.36
2011-01-16,165297.7040000003,647.37
2011-01-17,165214.8820000004,647.36
2011-01-18,165297.7040000003,647.37
2011-01-19,165049.23800000057,647.34
2011-01-20,165297.7040000003,647.37
2011-01-21,164883.59400000077,647.32
2011-01-22,164717.95,647.3
2011-01-23,164800.7719999999,647.31
2011-01-24,164635.31300000002,647.29
2011-01-25,164635.31300000002,647.29
2011-01-26,164470.039,647.27
2011-01-27,164387.402,647.26
2011-01-28,164304.765,647.25
2011-01-29,164139.49099999998,647.23
2011-01-30,164222.128,647.24
2011-01-31,164222.128,647.24
2011-02-01,165132.0600000005,647.35
2011-02-02,164635.31300000002,647.29
2011-02-03,164304.765,647.25
2011-02-04,164222.128,647.24
2011-02-05,164139.49099999998,647.23
2011-02-06,164304.765,647.25
2011-02-07,164304.765,647.25
2011-02-08,164139.49099999998,647.23
2011-02-09,164883.59400000077,647.32
2011-02-10,164552.676,647.28
2011-02-11,164552.676,647.28
2011-02-12,164717.95,647.3
2011-02-13,164800.7719999999,647.31
2011-02-14,164883.59400000077,647.32
2011-02-15,164966.41600000067,647.33
2011-02-16,164966.41600000067,647.33
2011-02-17,164966.41600000067,647.33
2011-02-18,165049.23800000057,647.34
2011-02-19,164966.41600000067,647.33
2011-02-20,164883.59400000077,647.32
2011-02-21,164966.41600000067,647.33
2011-02-22,164717.95,647.3
2011-02-23,164552.676,647.28
2011-02-24,164635.31300000002,647.29
2011-02-25,164470.039,647.27
2011-02-26,164222.128,647.24
2011-02-27,164139.49099999998,647.23
2011-02-28,164304.765,647.25
2011-03-01,163891.58,647.2
2011-03-02,163726.46799999924,647.18
2011-03-03,163478.79999999952,647.15
2011-03-04,163396.2439999996,647.14
2011-03-05,163643.91199999934,647.17
2011-03-06,163066.02,647.1
2011-03-07,162736.52799999944,647.06
2011-03-08,162983.64700000008,647.09
2011-03-09,162901.27400000018,647.08
2011-03-10,162571.78199999963,647.04
2011-03-11,162160.0480000001,646.99
2011-03-12,162077.8060000002,646.98
2011-03-13,162077.8060000002,646.98
2011-03-14,162160.0480000001,646.99
2011-03-15,161748.83800000057,646.94
2011-03-16,161502.1119999999,646.91
2011-03-17,161173.38400000028,646.87
2011-03-18,161173.38400000028,646.87
2011-03-19,160926.89800000057,646.84
2011-03-20,160598.25,646.8
2011-03-21,160270.322,646.76
2011-03-22,159860.41199999998,646.71
2011-03-23,160024.376,646.73
2011-03-24,159532.71799999935,646.67
2011-03-25,159123.19799999983,646.62
2011-03-26,158959.39,646.6
2011-03-27,158469.04599999962,646.54
2011-03-28,158060.5540000001,646.49
2011-03-29,157815.76600000038,646.46
2011-03-30,157570.9779999997,646.43
2011-03-31,157326.19,646.4
2011-04-01,157163.15400000018,646.38
2011-04-02,156918.60000000047,646.35
2011-04-03,156511.01,646.3
2011-04-04,157000.11800000037,646.36
2011-04-05,156104.305,646.25
2011-04-06,155778.941,646.21
2011-04-07,155778.941,646.21
2011-04-08,155616.3360000001,646.19
2011-04-09,155291.27999999953,646.15
2011-04-10,155291.27999999953,646.15
2011-04-11,157081.6360000003,646.37
2011-04-12,156918.60000000047,646.35
2011-04-13,156837.08200000058,646.34
2011-04-14,156674.04600000076,646.32
2011-04-15,156918.60000000047,646.35
2011-04-16,156104.305,646.25
2011-04-17,155697.6,646.2
2011-04-18,155535.07199999926,646.18
2011-04-19,155453.80799999935,646.17
2011-04-20,155453.80799999935,646.17
2011-04-21,155128.75199999972,646.13
2011-04-22,154884.96,646.1
2011-04-23,154884.96,646.1
2011-04-24,155047.4879999998,646.12
2011-04-25,155616.3360000001,646.19
2011-04-26,156022.964,646.24
2011-04-27,156104.305,646.25
2011-04-28,155860.282,646.22
2011-04-29,155453.80799999935,646.17
2011-04-30,155535.07199999926,646.18
2011-05-01,156104.305,646.25
2011-05-02,158305.59799999982,646.52
2011-05-03,159287.00599999964,646.64
2011-05-04,159614.62199999925,646.68
2011-05-05,159778.43,646.7
2011-05-06,159778.43,646.7
2011-05-07,159532.71799999935,646.67
2011-05-08,159368.90999999954,646.65
2011-05-09,159041.2939999999,646.61
2011-05-10,158714.21800000028,646.57
2011-05-11,158877.6660000001,646.59
2011-05-12,159287.00599999964,646.64
2011-05-13,159532.71799999935,646.67
2011-05-14,159532.71799999935,646.67
2011-05-15,159450.81399999943,646.66
2011-05-16,159450.81399999943,646.66
2011-05-17,159287.00599999964,646.64
2011-05-18,158714.21800000028,646.57
2011-05-19,158387.32199999972,646.53
2011-05-20,158550.76999999955,646.55
2011-05-21,158632.49399999945,646.56
2011-05-22,158550.76999999955,646.55
2011-05-23,158714.21800000028,646.57
2011-05-24,158795.94200000018,646.58
2011-05-25,159287.00599999964,646.64
2011-05-26,159123.19799999983,646.62
2011-05-27,158632.49399999945,646.56
2011-05-28,158305.59799999982,646.52
2011-05-29,157897.36200000028,646.47
2011-05-30,157652.57400000055,646.44
2011-05-31,157570.9779999997,646.43
2011-06-01,157081.6360000003,646.37
2011-06-02,156348.328,646.28
2011-06-03,155616.3360000001,646.19
2011-06-04,154966.2239999999,646.11
2011-06-05,154317.34399999972,646.03
2011-06-06,153750.23600000035,645.96
2011-06-07,152940.93000000037,645.86
2011-06-08,152052.07,645.75
2011-06-09,151164.71599999964,645.64
2011-06-10,150439.87999999954,645.55
2011-06-11,149957.24600000007,645.49
2011-06-12,149475.2419999997,645.43
2011-06-13,148993.45700000026,645.37
2011-06-14,148511.89099999992,645.31
2011-06-15,148191.375,645.27
2011-06-16,147630.78,645.2
2011-06-17,146910.68999999992,645.11
2011-06-18,146431.49999999953,645.05
2011-06-19,145793.1930000003,644.97
2011-06-20,145155.5960000001,644.89
2011-06-21,146750.8440000001,645.09
2011-06-22,147470.75999999928,645.18
2011-06-23,147790.95,645.22
2011-06-24,147550.77000000008,645.19
2011-06-25,147070.70999999973,645.13
2011-06-26,146671.00800000018,645.08
2011-06-27,146271.82799999972,645.03
2011-06-28,145952.6110000001,644.99
2011-06-29,145554.06600000054,644.94
2011-06-30,145155.5960000001,644.89
2011-07-01,144757.42600000056,644.84
2011-07-02,144518.52399999992,644.81
2011-07-03,144279.97600000002,644.78
2011-07-04,143962.14800000002,644.74
2011-07-05,143564.93800000008,644.69
2011-07-06,143247.40999999954,644.65
2011-07-07,142929.8819999999,644.61
2011-07-08,142533.67599999945,644.56
2011-07-09,142137.64599999992,644.51
2011-07-10,141742.12000000037,644.46
2011-07-11,141346.7199999999,644.41
2011-07-12,141030.63700000028,644.37
2011-07-13,140714.63300000064,644.33
2011-07-14,140398.804,644.29
2011-07-15,140162.326,644.26
2011-07-16,139925.848,644.23
2011-07-17,139689.37,644.2
2011-07-18,139531.87799999927,644.18
2011-07-19,139295.63999999955,644.15
2011-07-20,139138.14799999972,644.13
2011-07-21,139138.14799999972,644.13
2011-07-22,138980.6559999999,644.11
2011-07-23,138980.6559999999,644.11
2011-07-24,139138.14799999972,644.13
2011-07-25,139295.63999999955,644.15
2011-07-26,139453.13199999937,644.17
2011-07-27,139531.87799999927,644.18
2011-07-28,139531.87799999927,644.18
2011-07-29,139531.87799999927,644.18
2011-07-30,139610.6240000001,644.19
2011-07-31,139768.196,644.21
2011-08-01,139847.022,644.22
2011-08-02,140004.674,644.24
2011-08-05,139689.37,644.2
2011-08-06,139768.196,644.21
2011-08-07,139847.022,644.22
2011-08-08,139847.022,644.22
2011-08-09,139768.196,644.21
2011-08-12,139768.196,644.21
2011-08-13,140635.6320000007,644.32
2011-08-14,141188.6390000001,644.39
2011-08-15,141346.7199999999,644.41
2011-08-16,141504.87999999974,644.43
2011-08-17,141583.96000000054,644.44
2011-08-18,141583.96000000054,644.44
2011-08-19,141504.87999999974,644.43
2011-08-20,141504.87999999974,644.43
2011-08-21,141425.79999999984,644.42
2011-08-22,141425.79999999984,644.42
2011-08-24,141267.64,644.4
2011-08-25,141109.63800000018,644.38
2011-08-26,141030.63700000028,644.37
2011-08-27,140872.63500000045,644.35
2011-08-28,140793.63400000054,644.34
2011-08-29,140477.63,644.3
2011-08-30,140083.5,644.25
2011-08-31,139768.196,644.21
2011-09-01,139531.87799999927,644.18
2011-09-02,139374.38599999947,644.16
2011-09-03,139216.89399999965,644.14
2011-09-04,139138.14799999972,644.13
2011-09-05,138744.7700000002,644.08
2011-09-06,138194.7799999999,644.01
2011-09-07,137959.33000000016,643.98
2011-09-08,137567.12999999974,643.93
2011-09-09,137175.35800000018,643.88
2011-09-10,136706.0020000007,643.82
2011-09-11,136242.498,643.76
2011-09-12,135628.9159999993,643.68
2011-09-13,135093.4019999999,643.61
2011-09-14,134559.94599999965,643.54
2011-09-15,133951.84600000034,643.46
2011-09-16,133496.65,643.4
2011-09-17,134103.57800000018,643.48
2011-09-18,134103.57800000018,643.48
2011-09-19,133875.98000000042,643.45
2011-09-20,133421.04500000007,643.39
2011-09-21,133043.0200000005,643.34
2011-09-22,132816.20499999993,643.31
2011-09-23,132364.35499999998,643.25
2011-09-24,132063.359,643.21
2011-09-25,131763.0829999994,643.17
2011-09-26,131388.03799999983,643.12
2011-09-27,131163.32100000008,643.09
2011-09-28,130789.82599999964,643.04
2011-09-29,130491.03,643.0
2011-09-30,130118.74000000044,642.95
2011-10-01,129597.93600000016,642.88
2011-10-02,129152.39400000068,642.82
2011-10-03,128855.934,642.78
2011-10-04,128560.042,642.74
2011-10-05,128116.63799999932,642.68
2011-10-06,127674.10199999982,642.62
2011-10-07,127306.25200000026,642.57
2011-10-08,127232.8059999995,642.56
2011-10-09,129746.45,642.9
2011-10-10,130640.42799999984,643.02
2011-10-11,130939.22399999948,643.06
2011-10-12,131988.11,643.2
2011-10-13,132967.4150000006,643.33
2011-10-14,133269.83500000025,643.37
2011-10-15,133269.83500000025,643.37
2011-10-16,133269.83500000025,643.37
2011-10-17,133269.83500000025,643.37
2011-10-18,133648.3819999998,643.42
2011-10-19,133269.83500000025,643.37
2011-10-20,132967.4150000006,643.33
2011-10-21,132816.20499999993,643.31
2011-10-22,132740.6,643.3
2011-10-23,132816.20499999993,643.31
2011-10-24,132816.20499999993,643.31
2011-10-25,132514.853,643.27
2011-10-26,132289.106,643.24
2011-10-27,132213.857,643.23
2011-10-28,131838.0919999993,643.18
2011-10-29,131388.03799999983,643.12
2011-10-30,131088.62200000015,643.08
2011-10-31,130864.52499999956,643.05
2011-11-01,130491.03,643.0
2011-11-02,130342.11400000016,642.98
2011-11-03,129895.36599999983,642.92
2011-11-04,129375.16500000044,642.85
2011-11-05,128855.934,642.78
2011-11-06,128560.042,642.74
2011-11-07,128338.123,642.71
2011-11-08,128338.123,642.71
2011-11-09,128042.8819999994,642.67
2011-11-10,127600.34599999992,642.61
2011-11-11,127232.8059999995,642.56
2011-11-12,126939.02199999984,642.52
2011-11-13,126865.57599999991,642.51
2011-11-14,126792.13,642.5
2011-11-15,126718.93500000008,642.49
2011-11-16,126572.54500000025,642.47
2011-11-17,126133.37499999993,642.41
2011-11-18,125695.25000000042,642.35
2011-11-19,125549.2780000006,642.33
2011-11-20,125549.2780000006,642.33
2011-11-21,125476.29200000069,642.32
2011-11-22,125914.20800000016,642.38
2011-11-23,126279.76499999977,642.43
2011-11-24,126279.76499999977,642.43
2011-11-25,126206.56999999985,642.42
2011-11-26,126499.35000000033,642.46
2011-11-27,126206.56999999985,642.42
2011-11-28,125695.25000000042,642.35
2011-11-29,125622.2640000005,642.34
2011-11-30,125403.30599999992,642.31
2011-12-01,125330.32,642.3
2011-12-02,125403.30599999992,642.31
2011-12-03,125403.30599999992,642.31
2011-12-04,126426.15500000042,642.45
2011-12-05,127526.59,642.6
2011-12-06,127674.10199999982,642.62
2011-12-07,127674.10199999982,642.62
2011-12-08,127821.61399999968,642.64
2011-12-09,128116.63799999932,642.68
2011-12-10,128190.39400000007,642.69
2011-12-11,128264.15,642.7
2011-12-12,128338.123,642.71
2011-12-13,128486.069,642.73
2011-12-14,128707.988,642.76
2011-12-15,129523.67900000024,642.87
2011-12-16,130267.65600000024,642.97
2011-12-17,130416.57200000007,642.99
2011-12-18,130565.72899999992,643.01
2011-12-19,130864.52499999956,643.05
2011-12-20,131238.02,643.1
2011-12-21,131238.02,643.1
2011-12-22,131388.03799999983,643.12
2011-12-23,131538.05599999963,643.14
2011-12-24,131688.07399999947,643.16
2011-12-25,131838.0919999993,643.18
2011-12-26,132063.359,643.21
2011-12-27,132213.857,643.23
2011-12-28,132289.106,643.24
2011-12-29,132364.35499999998,643.25
2011-12-30,132514.853,643.27
2011-12-31,132590.102,643.28
2012-01-01,132665.351,643.29
2012-01-02,132665.351,643.29
2012-01-03,132514.853,643.27
2012-01-04,132514.853,643.27
2012-01-05,132439.604,643.26
2012-01-06,132364.35499999998,643.25
2012-01-07,132364.35499999998,643.25
2012-01-08,132289.106,643.24
2012-01-09,133043.0200000005,643.34
2012-01-10,134407.62799999982,643.52
2012-01-11,135246.40599999973,643.63
2012-01-12,135781.92,643.7
2012-01-13,135858.68300000002,643.71
2012-01-14,136319.261,643.77
2012-01-15,136472.78699999998,643.79
2012-01-16,136862.45400000052,643.84
2012-01-17,137410.2499999999,643.91
2012-01-18,137488.68999999983,643.92
2012-01-19,137645.57000000053,643.94
2012-01-20,137880.89000000025,643.97
2012-01-21,138116.21,644.0
2012-01-22,138273.3499999998,644.02
2012-01-23,138430.48999999964,644.04
2012-01-24,138980.6559999999,644.11
2012-01-25,152213.49,645.77
2012-01-26,160844.73600000064,646.83
2012-01-27,165380.5260000002,647.38
2012-01-28,169372.60600000038,647.86
2012-01-29,170794.6099999997,648.03
2012-01-30,171465.3169999999,648.11
2012-01-31,172137.6130000001,648.19
2012-02-01,172810.84699999998,648.27
2012-02-02,173232.20000000077,648.32
2012-02-03,173485.46000000046,648.35
2012-02-04,173738.72000000018,648.38
2012-02-05,173569.88000000038,648.36
2012-02-06,173485.46000000046,648.35
2012-02-07,173569.88000000038,648.36
2012-02-08,173569.88000000038,648.36
2012-02-09,173401.04000000056,648.34
2012-02-10,174076.7079999998,648.42
2012-02-11,174245.85600000058,648.44
2012-02-12,174245.85600000058,648.44
2012-02-13,174668.72600000008,648.49
2012-02-14,175177.2399999995,648.55
2012-02-15,175601.18,648.6
2012-02-16,175856.3779999997,648.63
2012-02-17,176196.64199999932,648.67
2012-02-18,177389.9719999999,648.81
2012-02-19,178589.2400000005,648.95
2012-02-20,178846.71200000017,648.98
2012-02-21,179104.55999999988,649.01
2012-02-22,179190.75999999978,649.02
2012-02-23,179363.1599999996,649.04
2012-02-24,179190.75999999978,649.02
2012-02-25,178846.71200000017,648.98
2012-02-26,178675.0640000004,648.96
2012-02-27,178846.71200000017,648.98
2012-02-28,178760.88800000027,648.97
2012-02-29,178846.71200000017,648.98
2012-03-01,178675.0640000004,648.96
2012-03-02,178846.71200000017,648.98
2012-03-03,178589.2400000005,648.95
2012-03-04,178417.5919999997,648.93
2012-03-05,178160.12,648.9
2012-03-06,177817.83200000037,648.86
2012-03-07,177817.83200000037,648.86
2012-03-08,178417.5919999997,648.93
2012-03-09,177988.9760000002,648.88
2012-03-10,178074.5480000001,648.89
2012-03-11,179449.3599999995,649.05
2012-03-12,180570.0239999992,649.18
2012-03-13,180570.0239999992,649.18
2012-03-14,180397.6079999994,649.16
2012-03-15,180828.985,649.21
2012-03-16,181002.075,649.23
2012-03-17,181088.62,649.24
2012-03-18,181002.075,649.23
2012-03-19,181261.71,649.26
2012-03-20,186411.8900000005,649.85
2012-03-21,184481.4889999997,649.63
2012-03-22,183346.13,649.5
2012-03-23,182215.4200000003,649.37
2012-03-24,182215.4200000003,649.37
2012-03-25,182562.8239999999,649.41
2012-03-26,182649.8579999998,649.42
2012-03-27,182562.8239999999,649.41
2012-03-28,181781.4700000008,649.32
2012-03-29,181175.165,649.25
2012-03-30,181088.62,649.24
2012-03-31,181175.165,649.25
2012-04-01,181002.075,649.23
2012-04-02,180915.53,649.22
2012-04-03,181261.71,649.26
2012-04-04,181781.4700000008,649.32
2012-04-05,181694.6799999999,649.31
2012-04-06,181607.89,649.3
2012-04-07,181521.345,649.29
2012-04-08,181607.89,649.3
2012-04-09,181607.89,649.3
2012-04-10,181521.345,649.29
2012-04-11,181434.8,649.28
2012-04-12,181088.62,649.24
2012-04-13,180828.985,649.21
2012-04-14,180483.8159999993,649.17
2012-04-15,180742.44,649.2
2012-04-16,180742.44,649.2
2012-04-17,180483.8159999993,649.17
2012-04-18,180225.1919999996,649.14
2012-04-19,179880.36,649.1
2012-04-20,180052.77599999978,649.12
2012-04-21,179794.1600000001,649.09
2012-04-22,179707.9600000002,649.08
2012-04-23,179363.1599999996,649.04
2012-04-24,179018.36,649.0
2012-04-25,178760.88800000027,648.97
2012-04-26,178675.0640000004,648.96
2012-04-27,178245.9439999999,648.91
2012-04-28,177903.4040000003,648.87
2012-04-29,177732.26000000047,648.85
2012-04-30,177475.54400000078,648.82
2012-05-01,177048.63199999998,648.77
2012-05-02,176963.376,648.76
2012-05-03,176792.864,648.74
2012-05-04,176451.84,648.7
2012-05-05,176111.57599999942,648.66
2012-05-06,175856.3779999997,648.63
2012-05-07,175771.3119999998,648.62
2012-05-08,175516.39200000008,648.59
2012-05-09,175092.4519999996,648.54
2012-05-10,174668.72600000008,648.49
2012-05-11,174838.0879999999,648.51
2012-05-12,175431.6040000002,648.58
2012-05-13,175262.0279999994,648.56
2012-05-14,175007.6639999997,648.53
2012-05-15,174753.3,648.5
2012-05-16,174499.57800000027,648.47
2012-05-17,173992.1339999999,648.41
2012-05-18,173316.62000000066,648.33
2012-05-19,172642.505,648.25
2012-05-20,172221.65,648.2
2012-05-21,171801.46499999953,648.15
2012-05-22,171381.28,648.1
2012-05-23,170710.7999999998,648.02
2012-05-24,170041.32200000057,647.94
2012-05-25,169539.6780000002,647.88
2012-05-26,169038.4620000008,647.82
2012-05-27,168538.05800000002,647.76
2012-05-28,168121.393,647.71
2012-05-29,167954.8230000001,647.69
2012-05-30,167538.63799999963,647.64
2012-05-31,167788.34899999935,647.67
2012-06-01,167455.40099999972,647.63
2012-06-02,166956.55800000028,647.57
2012-06-03,166458.2939999999,647.51
2012-06-04,166043.6180000004,647.46
2012-06-05,165711.98599999983,647.42
2012-06-06,165463.34800000011,647.39
2012-06-07,165877.80200000058,647.44
2012-06-08,165711.98599999983,647.42
2012-06-09,165297.7040000003,647.37
2012-06-10,164635.31300000002,647.29
2012-06-11,164222.128,647.24
2012-06-12,163891.58,647.2
2012-06-13,163313.6879999997,647.13
2012-06-14,162901.27400000018,647.08
2012-06-15,162736.52799999944,647.06
2012-06-16,162242.29,647.0
2012-06-17,161748.83800000057,646.94
2012-06-18,161091.22200000036,646.86
2012-06-19,160434.286,646.78
2012-06-20,159942.394,646.72
2012-06-21,159532.71799999935,646.67
2012-06-22,159123.19799999983,646.62
2012-06-23,158550.76999999955,646.55
2012-06-24,157897.36200000028,646.47
2012-06-25,157163.15400000018,646.38
2012-06-26,156511.01,646.3
2012-06-27,155697.6,646.2
2012-06-28,154884.96,646.1
2012-06-29,154236.2559999998,646.02
2012-06-30,153669.27500000046,645.95
2012-07-01,153021.81500000026,645.87
2012-07-02,152374.91,645.79
2012-07-03,151971.36,645.74
2012-07-04,151487.25199999925,645.68
2012-07-05,151003.4479999998,645.62
2012-07-06,150681.26000000018,645.58
2012-07-07,150278.9599999997,645.53
2012-07-08,149876.91200000016,645.48
2012-07-09,149475.2419999997,645.43
2012-07-10,149234.24,645.4
2012-07-11,148993.45700000026,645.37
2012-07-12,148511.89099999992,645.31
2012-07-13,148031.20500000002,645.25
2012-07-14,147630.78,645.2
2012-07-15,147230.72999999954,645.15
2012-07-16,146910.68999999992,645.11
2012-07-17,146591.17200000028,645.07
2012-07-18,146351.66399999964,645.04
2012-07-19,146032.32,645.0
2012-07-20,145793.1930000003,644.97
2012-07-21,145713.48400000038,644.96
2012-07-22,145394.64799999984,644.92
2012-07-23,145155.5960000001,644.89
2012-07-24,144916.69400000037,644.86
2012-07-25,144677.79200000066,644.83
2012-07-26,144996.32800000027,644.87
2012-07-27,145235.23,644.9
2012-07-28,145075.9620000002,644.88
2012-07-29,144837.06000000046,644.85
2012-07-30,144598.15800000072,644.82
2012-07-31,144438.89,644.8
2012-08-01,144200.519,644.77
2012-08-02,144041.605,644.75
2012-08-03,143723.777,644.71
2012-08-04,143485.55599999928,644.68
2012-08-05,143406.17399999936,644.67
2012-08-06,143406.17399999936,644.67
2012-08-07,143326.79199999946,644.66
2012-08-08,143485.55599999928,644.68
2012-08-09,143564.93800000008,644.69
2012-08-10,143644.32,644.7
2012-08-11,143485.55599999928,644.68
2012-08-12,143406.17399999936,644.67
2012-08-13,143723.777,644.71
2012-08-14,143803.234,644.72
2012-08-15,144916.69400000037,644.86
2012-08-16,145554.06600000054,644.94
2012-08-17,145474.35699999973,644.93
2012-08-18,145314.93899999993,644.91
2012-08-19,146351.66399999964,645.04
2012-08-20,147310.73999999944,645.16
2012-08-21,147390.74999999936,645.17
2012-08-22,147070.70999999973,645.13
2012-08-23,146511.33599999946,645.06
2012-08-24,145872.90200000018,644.98
2012-08-25,145155.5960000001,644.89
2012-08-26,144677.79200000066,644.83
2012-08-27,144279.97600000002,644.78
2012-08-28,143723.777,644.71
2012-08-29,143168.02799999964,644.64
2012-08-30,142771.29400000008,644.59
2012-08-31,142375.26399999965,644.54
2012-09-01,142058.44,644.5
2012-09-02,141821.20000000027,644.47
2012-09-03,141663.04000000044,644.45
2012-09-04,141504.87999999974,644.43
2012-09-05,141425.79999999984,644.42
2012-09-06,141267.64,644.4
2012-09-07,141267.64,644.4
2012-09-08,141583.96000000054,644.44
2012-09-09,141346.7199999999,644.41
2012-09-10,141425.79999999984,644.42
2012-09-11,141267.64,644.4
2012-09-12,141109.63800000018,644.38
2012-09-13,141583.96000000054,644.44
2012-09-14,141900.28000000017,644.48
2012-09-15,141979.3600000001,644.49
2012-09-16,142137.64599999992,644.51
2012-09-17,142454.46999999956,644.55
2012-09-18,142612.88200000027,644.57
2012-09-19,142612.88200000027,644.57
2012-09-20,142692.0880000002,644.58
2012-09-21,142771.29400000008,644.59
2012-09-22,142929.8819999999,644.61
2012-09-23,143009.26399999982,644.62
2012-09-24,143009.26399999982,644.62
2012-09-25,142850.5,644.6
2012-09-26,142850.5,644.6
2012-09-27,142850.5,644.6
2012-09-28,142850.5,644.6
2012-09-29,143644.32,644.7
2012-09-30,144837.06000000046,644.85
2012-10-01,144996.32800000027,644.87
2012-10-02,144996.32800000027,644.87
2012-10-03,144916.69400000037,644.86
2012-10-04,144916.69400000037,644.86
2012-10-05,144996.32800000027,644.87
2012-10-06,144837.06000000046,644.85
2012-10-07,144518.52399999992,644.81
2012-10-08,144279.97600000002,644.78
2012-10-09,144121.062,644.76
2012-10-10,144200.519,644.77
2012-10-11,144121.062,644.76
2012-10-12,143962.14800000002,644.74
2012-10-13,143723.777,644.71
2012-10-14,144837.06000000046,644.85
2012-10-15,144757.42600000056,644.84
2012-10-16,144598.15800000072,644.82
2012-10-17,144598.15800000072,644.82
2012-10-18,144518.52399999992,644.81
2012-10-19,144279.97600000002,644.78
2012-10-20,144121.062,644.76
2012-10-21,144041.605,644.75
2012-10-22,144041.605,644.75
2012-10-23,143962.14800000002,644.74
2012-10-24,143803.234,644.72
2012-10-25,143882.69100000002,644.73
2012-10-26,143803.234,644.72
2012-10-27,143247.40999999954,644.65
2012-10-28,143009.26399999982,644.62
2012-10-29,142771.29400000008,644.59
2012-10-30,142612.88200000027,644.57
2012-10-31,142454.46999999956,644.55
2012-11-01,142296.05799999973,644.53
2012-11-02,142058.44,644.5
2012-11-03,141979.3600000001,644.49
2012-11-04,141900.28000000017,644.48
2012-11-05,141742.12000000037,644.46
2012-11-06,141583.96000000054,644.44
2012-11-07,141504.87999999974,644.43
2012-11-08,141267.64,644.4
2012-11-09,141030.63700000028,644.37
2012-11-10,140556.6309999999,644.31
2012-11-11,140635.6320000007,644.32
2012-11-12,140319.978,644.28
2012-11-13,139847.022,644.22
2012-11-14,139453.13199999937,644.17
2012-11-15,139138.14799999972,644.13
2012-11-16,138823.34000000008,644.09
2012-11-17,138509.05999999956,644.05
2012-11-18,138194.7799999999,644.01
2012-11-19,137959.33000000016,643.98
2012-11-20,137802.45000000036,643.96
2012-11-21,137567.12999999974,643.93
2012-11-22,137253.5840000001,643.89
2012-11-23,137175.35800000018,643.88
2012-11-24,136627.7759999999,643.81
2012-11-25,136242.498,643.76
2012-11-26,136242.498,643.76
2012-11-27,135781.92,643.7
2012-11-28,135399.40999999957,643.65
2012-11-29,135016.9,643.6
2012-11-30,134788.42300000024,643.57
2012-12-01,134483.78699999975,643.53
2012-12-02,134255.31,643.5
2012-12-03,133951.84600000034,643.46
2012-12-04,133875.98000000042,643.45
2012-12-05,133572.51599999992,643.41
2012-12-06,133194.23000000033,643.36
2012-12-07,133118.62500000044,643.35
2012-12-08,132967.4150000006,643.33
2012-12-09,132891.8100000007,643.32
2012-12-10,132590.102,643.28
2012-12-11,132138.60799999998,643.22
2012-12-12,131838.0919999993,643.18
2012-12-13,131538.05599999963,643.14
2012-12-14,131313.0289999999,643.11
2012-12-15,131313.0289999999,643.11
2012-12-16,130939.22399999948,643.06
2012-12-17,130565.72899999992,643.01
2012-12-18,130267.65600000024,642.97
2012-12-19,130044.2820000005,642.94
2012-12-20,129969.82399999976,642.93
2012-12-21,129523.67900000024,642.87
2012-12-22,129449.42200000034,642.86
2012-12-23,129523.67900000024,642.87
2012-12-24,129449.42200000034,642.86
2012-12-25,130267.65600000024,642.97
2012-12-26,130416.57200000007,642.99
2012-12-27,130342.11400000016,642.98
2012-12-28,130715.12699999976,643.03
2012-12-29,130715.12699999976,643.03
2012-12-30,130789.82599999964,643.04
2012-12-31,131163.32100000008,643.09
2013-01-01,131538.05599999963,643.14
2013-01-02,131613.06499999957,643.15
2013-01-03,131538.05599999963,643.14
2013-01-04,131388.03799999983,643.12
2013-01-05,131238.02,643.1
2013-01-06,131163.32100000008,643.09
2013-01-07,131013.92300000024,643.07
2013-01-08,131163.32100000008,643.09
2013-01-09,133269.83500000025,643.37
2013-01-10,133951.84600000034,643.46
2013-01-11,134255.31,643.5
2013-01-12,134788.42300000024,643.57
2013-01-13,134864.58200000017,643.58
2013-01-14,134864.58200000017,643.58
2013-01-15,134940.74100000007,643.59
2013-01-16,134940.74100000007,643.59
2013-01-17,135016.9,643.6
2013-01-18,134940.74100000007,643.59
2013-01-19,134864.58200000017,643.58
2013-01-20,134940.74100000007,643.59
2013-01-21,135016.9,643.6
2013-01-22,134864.58200000017,643.58
2013-01-23,134788.42300000024,643.57
2013-01-24,134788.42300000024,643.57
2013-01-25,134559.94599999965,643.54
2013-01-26,134407.62799999982,643.52
2013-01-27,134255.31,643.5
2013-01-28,134179.44400000008,643.49
2013-01-29,134179.44400000008,643.49
2013-01-30,134407.62799999982,643.52
2013-01-31,133875.98000000042,643.45
2013-02-01,133648.3819999998,643.42
2013-02-02,133421.04500000007,643.39
2013-02-03,133194.23000000033,643.36
2013-02-04,133043.0200000005,643.34
2013-02-05,132967.4150000006,643.33
2013-02-06,132816.20499999993,643.31
2013-02-07,132967.4150000006,643.33
2013-02-08,132891.8100000007,643.32
2013-02-09,132665.351,643.29
2013-02-10,133421.04500000007,643.39
2013-02-11,133496.65,643.4
2013-02-12,133800.11400000053,643.44
2013-02-13,133951.84600000034,643.46
2013-02-14,134103.57800000018,643.48
2013-02-15,134407.62799999982,643.52
2013-02-16,134407.62799999982,643.52
2013-02-17,134407.62799999982,643.52
2013-02-18,134788.42300000024,643.57
2013-02-19,134788.42300000024,643.57
2013-02-20,134788.42300000024,643.57
2013-02-21,135169.90399999983,643.62
2013-02-22,135246.40599999973,643.63
2013-02-23,135169.90399999983,643.62
2013-02-24,135093.4019999999,643.61
2013-02-25,135475.9119999995,643.66
2013-02-26,135475.9119999995,643.66
2013-02-27,135475.9119999995,643.66
2013-02-28,135399.40999999957,643.65
2013-03-01,135399.40999999957,643.65
2013-03-02,135399.40999999957,643.65
2013-03-03,135169.90399999983,643.62
2013-03-04,135399.40999999957,643.65
2013-03-05,135628.9159999993,643.68
2013-03-06,135322.90799999965,643.64
2013-03-07,135246.40599999973,643.63
2013-03-08,135169.90399999983,643.62
2013-03-09,135399.40999999957,643.65
2013-03-10,136472.78699999998,643.79
2013-03-11,136472.78699999998,643.79
2013-03-12,136627.7759999999,643.81
2013-03-13,136862.45400000052,643.84
2013-03-14,137097.13200000027,643.87
2013-03-15,137253.5840000001,643.89
2013-03-16,137488.68999999983,643.92
2013-03-17,137880.89000000025,643.97
2013-03-18,138116.21,644.0
2013-03-19,138273.3499999998,644.02
2013-03-20,138430.48999999964,644.04
2013-03-21,138351.91999999972,644.03
2013-03-22,138744.7700000002,644.08
2013-03-23,138901.91,644.1
2013-03-24,139295.63999999955,644.15
2013-03-25,138980.6559999999,644.11
2013-03-26,138823.34000000008,644.09
2013-03-27,138744.7700000002,644.08
2013-03-28,138823.34000000008,644.09
2013-03-29,138901.91,644.1
2013-03-30,139689.37,644.2
2013-03-31,140004.674,644.24
2013-04-01,140162.326,644.26
2013-04-02,140319.978,644.28
2013-04-03,141346.7199999999,644.41
2013-04-04,141900.28000000017,644.48
2013-04-05,142058.44,644.5
2013-04-06,142137.64599999992,644.51
2013-04-07,142216.8519999998,644.52
2013-04-08,142296.05799999973,644.53
2013-04-09,142533.67599999945,644.56
2013-04-10,143247.40999999954,644.65
2013-04-11,143168.02799999964,644.64
2013-04-12,143168.02799999964,644.64
2013-04-13,143168.02799999964,644.64
2013-04-14,143009.26399999982,644.62
2013-04-15,142929.8819999999,644.61
2013-04-16,142850.5,644.6
2013-04-17,142533.67599999945,644.56
2013-04-18,143326.79199999946,644.66
2013-04-19,142850.5,644.6
2013-04-20,142375.26399999965,644.54
2013-04-21,142137.64599999992,644.51
2013-04-22,141900.28000000017,644.48
2013-04-23,141979.3600000001,644.49
2013-04-24,141742.12000000037,644.46
2013-04-25,141346.7199999999,644.41
2013-04-26,141109.63800000018,644.38
2013-04-27,141267.64,644.4
2013-04-28,141109.63800000018,644.38
2013-04-29,140872.63500000045,644.35
2013-04-30,140714.63300000064,644.33
2013-05-01,140556.6309999999,644.31
2013-05-02,140635.6320000007,644.32
2013-05-03,139925.848,644.23
2013-05-04,139610.6240000001,644.19
2013-05-05,139374.38599999947,644.16
2013-05-06,139059.40199999983,644.12
2013-05-07,138901.91,644.1
2013-05-08,138430.48999999964,644.04
2013-05-09,138351.91999999972,644.03
2013-05-10,138587.62999999945,644.06
2013-05-11,138666.20000000027,644.07
2013-05-12,138430.48999999964,644.04
2013-05-13,138273.3499999998,644.02
2013-05-14,138116.21,644.0
2013-05-15,138037.77000000008,643.99
2013-05-16,138901.91,644.1
2013-05-17,139374.38599999947,644.16
2013-05-18,139689.37,644.2
2013-05-19,139847.022,644.22
2013-05-20,140083.5,644.25
2013-05-21,140793.63400000054,644.34
2013-05-22,141188.6390000001,644.39
2013-05-23,141504.87999999974,644.43
2013-05-24,141742.12000000037,644.46
2013-05-25,142137.64599999992,644.51
2013-05-26,142533.67599999945,644.56
2013-05-27,142850.5,644.6
2013-05-28,143009.26399999982,644.62
2013-05-29,143326.79199999946,644.66
2013-05-30,143962.14800000002,644.74
2013-05-31,144279.97600000002,644.78
2013-06-01,144677.79200000066,644.83
2013-06-02,144916.69400000037,644.86
2013-06-03,144916.69400000037,644.86
2013-06-04,144837.06000000046,644.85
2013-06-05,144757.42600000056,644.84
2013-06-06,145075.9620000002,644.88
2013-06-07,145075.9620000002,644.88
2013-06-08,145075.9620000002,644.88
2013-06-09,146351.66399999964,645.04
2013-06-10,147070.70999999973,645.13
2013-06-11,147150.71999999962,645.14
2013-06-12,147310.73999999944,645.16
2013-06-13,147390.74999999936,645.17
2013-06-14,147470.75999999928,645.18
2013-06-15,147550.77000000008,645.19
2013-06-16,147550.77000000008,645.19
2013-06-17,147951.12,645.24
2013-06-18,149555.57600000052,645.44
2013-06-19,150359.41999999963,645.54
2013-06-20,150600.80000000028,645.57
2013-06-21,150520.33999999944,645.56
2013-06-22,150359.41999999963,645.54
2013-06-23,150037.58,645.5
2013-06-24,149796.57800000027,645.47
2013-06-25,149475.2419999997,645.43
2013-06-26,149153.97900000008,645.39
2013-06-27,148993.45700000026,645.37
2013-06-28,148832.93500000046,645.35
2013-06-29,148672.41300000064,645.33
2013-06-30,148351.545,645.29
2013-07-01,148031.20500000002,645.25
2013-07-02,147710.865,645.21
2013-07-03,147470.75999999928,645.18
2013-07-04,147070.70999999973,645.13
2013-07-05,146830.68,645.1
2013-07-06,146511.33599999946,645.06
2013-07-07,146191.99199999982,645.02
2013-07-08,145872.90200000018,644.98
2013-07-09,145554.06600000054,644.94
2013-07-10,145314.93899999993,644.91
2013-07-11,144916.69400000037,644.86
2013-07-12,144677.79200000066,644.83
2013-07-13,144518.52399999992,644.81
2013-07-14,144837.06000000046,644.85
2013-07-15,145474.35699999973,644.93
2013-07-16,146271.82799999972,645.03
2013-07-17,146591.17200000028,645.07
2013-07-18,146910.68999999992,645.11
2013-07-19,146910.68999999992,645.11
2013-07-20,147070.70999999973,645.13
2013-07-21,147150.71999999962,645.14
2013-07-22,147150.71999999962,645.14
2013-07-23,147070.70999999973,645.13
2013-07-24,146830.68,645.1
2013-07-25,146591.17200000028,645.07
2013-07-26,146671.00800000018,645.08
2013-07-27,146750.8440000001,645.09
2013-07-28,146671.00800000018,645.08
2013-07-29,146351.66399999964,645.04
2013-07-30,146112.1559999999,645.01
2013-07-31,145952.6110000001,644.99
2013-08-01,145793.1930000003,644.97
2013-08-02,145394.64799999984,644.92
2013-08-03,145075.9620000002,644.88
2013-08-04,144677.79200000066,644.83
2013-08-05,144438.89,644.8
2013-08-06,143962.14800000002,644.74
2013-08-07,143564.93800000008,644.69
2013-08-08,143406.17399999936,644.67
2013-08-09,143088.64599999972,644.63
2013-08-10,142850.5,644.6
2013-08-11,142533.67599999945,644.56
2013-08-12,142454.46999999956,644.55
2013-08-13,142216.8519999998,644.52
2013-08-14,142216.8519999998,644.52
2013-08-15,141979.3600000001,644.49
2013-08-16,141742.12000000037,644.46
2013-08-17,141346.7199999999,644.41
2013-08-18,140951.63600000038,644.36
2013-08-19,140556.6309999999,644.31
2013-08-20,140241.152,644.27
2013-08-21,139847.022,644.22
2013-08-22,139531.87799999927,644.18
2013-08-23,139138.14799999972,644.13
2013-08-24,138823.34000000008,644.09
2013-08-25,138194.7799999999,644.01
2013-08-26,137645.57000000053,643.94
2013-08-27,137175.35800000018,643.88
2013-08-28,136706.0020000007,643.82
2013-08-29,136242.498,643.76
2013-08-30,135705.4180000001,643.69
2013-08-31,135322.90799999965,643.64
2013-09-01,134940.74100000007,643.59
2013-09-02,135016.9,643.6
2013-09-03,134712.26399999947,643.56
2013-09-04,134255.31,643.5
2013-09-05,133951.84600000034,643.46
2013-09-06,133648.3819999998,643.42
2013-09-07,133345.44000000018,643.38
2013-09-08,132967.4150000006,643.33
2013-09-09,132590.102,643.28
2013-09-10,132289.106,643.24
2013-09-11,131913.10100000008,643.19
2013-09-12,131463.04699999973,643.13
2013-09-13,131163.32100000008,643.09
2013-09-14,130715.12699999976,643.03
2013-09-15,130193.19800000034,642.96
2013-09-16,129746.45,642.9
2013-09-17,129449.42200000034,642.86
2013-09-18,129003.88,642.8
2013-09-19,128560.042,642.74
2013-09-20,129300.9080000005,642.84
2013-09-21,129375.16500000044,642.85
2013-09-22,129152.39400000068,642.82
2013-09-23,128855.934,642.78
2013-09-24,128634.015,642.75
2013-09-25,128190.39400000007,642.69
2013-09-26,127600.34599999992,642.61
2013-09-27,127085.91399999968,642.54
2013-09-28,126865.57599999991,642.51
2013-09-29,126572.54500000025,642.47
2013-09-30,125987.19400000008,642.39
2013-10-01,125549.2780000006,642.33
2013-10-02,125039.624,642.26
2013-10-03,124603.58,642.2
2013-10-04,124313.79999999952,642.16
2013-10-05,124241.3549999996,642.15
2013-10-06,124096.46499999976,642.13
2013-10-07,123734.87600000016,642.08
2013-10-08,123446.36799999968,642.04
2013-10-09,123157.86,642.0
2013-10-10,122798.6450000004,641.95
2013-10-11,122654.95899999976,641.93
2013-10-12,122654.95899999976,641.93
2013-10-13,122654.95899999976,641.93
2013-10-14,122942.33100000024,641.97
2013-10-15,123374.24099999976,642.03
2013-10-16,123662.74900000024,642.07
2013-10-17,123446.36799999968,642.04
2013-10-18,123374.24099999976,642.03
2013-10-19,123302.11399999984,642.02
2013-10-20,123014.17400000016,641.98
2013-10-21,122942.33100000024,641.97
2013-10-22,122654.95899999976,641.93
2013-10-23,122439.43,641.9
2013-10-24,122153.11400000032,641.86
2013-10-25,121866.79800000064,641.82
2013-10-26,121652.438,641.79
2013-10-27,122153.11400000032,641.86
2013-10-28,122224.69300000025,641.87
2013-10-29,122296.27200000016,641.88
2013-10-30,122439.43,641.9
2013-10-31,122798.6450000004,641.95
2013-11-01,122583.11599999983,641.92
2013-11-02,122583.11599999983,641.92
2013-11-03,122367.85100000008,641.89
2013-11-04,122367.85100000008,641.89
2013-11-05,122798.6450000004,641.95
2013-11-06,123229.98699999992,642.01
2013-11-07,123229.98699999992,642.01
2013-11-08,123374.24099999976,642.03
2013-11-09,123374.24099999976,642.03
2013-11-10,123446.36799999968,642.04
2013-11-11,123518.4949999996,642.05
2013-11-12,123734.87600000016,642.08
2013-11-13,123302.11399999984,642.02
2013-11-14,123157.86,642.0
2013-11-15,123229.98699999992,642.01
2013-11-16,123086.01700000008,641.99
2013-11-17,123086.01700000008,641.99
2013-11-18,122870.48800000032,641.96
2013-11-19,122511.27299999991,641.91
2013-11-20,122224.69300000025,641.87
2013-11-21,122439.43,641.9
2013-11-22,123446.36799999968,642.04
2013-11-23,123446.36799999968,642.04
2013-11-24,123302.11399999984,642.02
2013-11-25,123590.62199999952,642.06
2013-11-26,123807.00300000008,642.09
2013-11-27,123662.74900000024,642.07
2013-11-28,123590.62199999952,642.06
2013-11-29,123590.62199999952,642.06
2013-11-30,123662.74900000024,642.07
2013-12-01,123807.00300000008,642.09
2013-12-02,123879.13,642.1
2013-12-03,123951.57499999992,642.11
2013-12-04,124096.46499999976,642.13
2013-12-05,124241.3549999996,642.15
2013-12-06,124966.95,642.25
2013-12-07,124894.276,642.24
2013-12-08,124821.602,642.23
2013-12-09,124966.95,642.25
2013-12-10,124894.276,642.24
2013-12-11,124966.95,642.25
2013-12-12,124966.95,642.25
2013-12-13,124966.95,642.25
2013-12-14,125257.646,642.29
2013-12-15,125184.972,642.28
2013-12-16,125257.646,642.29
2013-12-17,125403.30599999992,642.31
2013-12-18,125403.30599999992,642.31
2013-12-19,125403.30599999992,642.31
2013-12-20,125695.25000000042,642.35
2013-12-21,127012.46799999976,642.53
2013-12-22,128707.988,642.76
2013-12-23,129152.39400000068,642.82
2013-12-24,129226.6510000006,642.83
2013-12-25,129449.42200000034,642.86
2013-12-26,129523.67900000024,642.87
2013-12-27,129597.93600000016,642.88
2013-12-28,129672.19300000009,642.89
2013-12-29,129895.36599999983,642.92
2013-12-30,129820.90799999992,642.91
2013-12-31,129820.90799999992,642.91
2014-01-01,129895.36599999983,642.92
2014-01-02,130044.2820000005,642.94
2014-01-03,129746.45,642.9
2014-01-04,129895.36599999983,642.92
2014-01-05,130342.11400000016,642.98
2014-01-06,129895.36599999983,642.92
2014-01-07,129523.67900000024,642.87
2014-01-08,129523.67900000024,642.87
2014-01-09,129597.93600000016,642.88
2014-01-10,129523.67900000024,642.87
2014-01-11,129523.67900000024,642.87
2014-01-12,129152.39400000068,642.82
2014-01-13,129300.9080000005,642.84
2014-01-14,129152.39400000068,642.82
2014-01-15,128855.934,642.78
2014-01-16,128781.961,642.77
2014-01-17,128634.015,642.75
2014-01-18,128412.096,642.72
2014-01-19,128264.15,642.7
2014-01-20,128190.39400000007,642.69
2014-01-21,128042.8819999994,642.67
2014-01-22,127821.61399999968,642.64
2014-01-23,127895.36999999956,642.65
2014-01-24,127306.25200000026,642.57
2014-01-25,127232.8059999995,642.56
2014-01-26,127159.35999999958,642.55
2014-01-27,127306.25200000026,642.57
2014-01-28,126792.13,642.5
2014-01-29,126352.9600000005,642.44
2014-01-30,126060.18,642.4
2014-01-31,126206.56999999985,642.42
2014-02-01,126279.76499999977,642.43
2014-02-02,126206.56999999985,642.42
2014-02-03,125987.19400000008,642.39
2014-02-04,125987.19400000008,642.39
2014-02-05,126060.18,642.4
2014-02-06,125768.23600000032,642.36
2014-02-07,125476.29200000069,642.32
2014-02-08,125403.30599999992,642.31
2014-02-09,125403.30599999992,642.31
2014-02-10,125403.30599999992,642.31
2014-02-11,125257.646,642.29
2014-02-12,125112.298,642.27
2014-02-13,124966.95,642.25
2014-02-14,125039.624,642.26
2014-02-15,124748.928,642.22
2014-02-16,124603.58,642.2
2014-02-17,124676.254,642.21
2014-02-18,124386.24499999944,642.17
2014-02-19,124241.3549999996,642.15
2014-02-20,124313.79999999952,642.16
2014-02-21,124024.01999999984,642.12
2014-02-22,123807.00300000008,642.09
2014-02-23,123734.87600000016,642.08
2014-02-24,123590.62199999952,642.06
2014-02-25,123518.4949999996,642.05
2014-02-26,123374.24099999976,642.03
2014-02-27,122942.33100000024,641.97
2014-02-28,122726.80200000048,641.94
2014-03-01,122726.80200000048,641.94
2014-03-02,122870.48800000032,641.96
2014-03-03,122439.43,641.9
2014-03-04,122081.5350000004,641.85
2014-03-05,121938.37700000056,641.83
2014-03-06,121866.79800000064,641.82
2014-03-07,121510.034,641.77
2014-03-08,121652.438,641.79
2014-03-09,121367.63,641.75
2014-03-10,121154.024,641.72
2014-03-11,121082.822,641.71
2014-03-12,121082.822,641.71
2014-03-13,120586.29799999968,641.64
2014-03-14,120373.63699999992,641.61
2014-03-15,120515.41099999976,641.63
2014-03-16,121438.832,641.76
2014-03-17,121154.024,641.72
2014-03-18,121154.024,641.72
2014-03-19,121510.034,641.77
2014-03-20,121581.236,641.78
2014-03-21,121581.236,641.78
2014-03-22,121938.37700000056,641.83
2014-03-23,122081.5350000004,641.85
2014-03-24,122009.95600000049,641.84
2014-03-25,122081.5350000004,641.85
2014-03-26,122009.95600000049,641.84
2014-03-27,122224.69300000025,641.87
2014-03-28,122654.95899999976,641.93
2014-03-29,122654.95899999976,641.93
2014-03-30,122583.11599999983,641.92
2014-03-31,122654.95899999976,641.93
2014-04-01,122870.48800000032,641.96
2014-04-02,123086.01700000008,641.99
2014-04-03,123374.24099999976,642.03
2014-04-04,124024.01999999984,642.12
2014-04-05,123879.13,642.1
2014-04-06,124386.24499999944,642.17
2014-04-07,124748.928,642.22
2014-04-08,124894.276,642.24
2014-04-09,124603.58,642.2
2014-04-10,124458.68999999936,642.18
2014-04-11,124458.68999999936,642.18
2014-04-12,124313.79999999952,642.16
2014-04-13,124386.24499999944,642.17
2014-04-14,124821.602,642.23
2014-04-15,124168.90999999968,642.14
2014-04-16,123734.87600000016,642.08
2014-04-17,123734.87600000016,642.08
2014-04-18,123662.74900000024,642.07
2014-04-19,123518.4949999996,642.05
2014-04-20,123374.24099999976,642.03
2014-04-21,123879.13,642.1
2014-04-22,123951.57499999992,642.11
2014-04-23,123734.87600000016,642.08
2014-04-24,123807.00300000008,642.09
2014-04-25,123590.62199999952,642.06
2014-04-26,123302.11399999984,642.02
2014-04-27,123229.98699999992,642.01
2014-04-28,123157.86,642.0
2014-04-29,123014.17400000016,641.98
2014-04-30,122726.80200000048,641.94
2014-05-01,122367.85100000008,641.89
2014-05-02,122224.69300000025,641.87
2014-05-03,122009.95600000049,641.84
2014-05-04,121652.438,641.79
2014-05-05,121154.024,641.72
2014-05-06,120798.95899999944,641.67
2014-05-07,120586.29799999968,641.64
2014-05-08,120657.1849999996,641.65
2014-05-09,120515.41099999976,641.63
2014-05-10,120091.23200000024,641.57
2014-05-11,119527.49800000008,641.49
2014-05-12,119597.69,641.5
2014-05-13,120091.23200000024,641.57
2014-05-14,120232.24400000008,641.59
2014-05-15,120161.73800000016,641.58
2014-05-16,120232.24400000008,641.59
2014-05-17,120232.24400000008,641.59
2014-05-18,120020.72599999951,641.56
2014-05-19,119668.19599999992,641.51
2014-05-20,119457.30600000016,641.48
2014-05-21,119176.53800000048,641.44
2014-05-22,118825.82900000009,641.39
2014-05-23,118546.0650000004,641.35
2014-05-24,118336.24200000064,641.32
2014-05-25,118266.30099999992,641.31
2014-05-26,118196.36,641.3
2014-05-27,118476.12400000048,641.34
2014-05-28,118825.82900000009,641.39
2014-05-29,118895.77,641.4
2014-05-30,118965.96199999993,641.41
2014-05-31,118895.77,641.4
2014-06-01,118755.88800000017,641.38
2014-06-02,118546.0650000004,641.35
2014-06-03,118476.12400000048,641.34
2014-06-04,118266.30099999992,641.31
2014-06-05,118126.735,641.29
2014-06-06,118057.11,641.28
2014-06-07,118057.11,641.28
2014-06-08,118336.24200000064,641.32
2014-06-09,118895.77,641.4
2014-06-10,119176.53800000048,641.44
2014-06-11,119036.15399999983,641.42
2014-06-12,119036.15399999983,641.42
2014-06-13,119106.34599999976,641.43
2014-06-14,119036.15399999983,641.42
2014-06-15,118965.96199999993,641.41
2014-06-16,118895.77,641.4
2014-06-17,118825.82900000009,641.39
2014-06-18,118755.88800000017,641.38
2014-06-19,118685.94700000023,641.37
2014-06-20,118685.94700000023,641.37
2014-06-21,118546.0650000004,641.35
2014-06-22,118895.77,641.4
2014-06-23,119738.70199999984,641.52
2014-06-24,120586.29799999968,641.64
2014-06-25,122798.6450000004,641.95
2014-06-26,124024.01999999984,642.12
2014-06-27,123951.57499999992,642.11
2014-06-28,124024.01999999984,642.12
2014-06-29,124024.01999999984,642.12
2014-06-30,123807.00300000008,642.09
2014-07-01,123734.87600000016,642.08
2014-07-02,123662.74900000024,642.07
2014-07-03,123446.36799999968,642.04
2014-07-04,123086.01700000008,641.99
2014-07-05,122870.48800000032,641.96
2014-07-06,122583.11599999983,641.92
2014-07-07,122367.85100000008,641.89
2014-07-08,122224.69300000025,641.87
2014-07-09,122153.11400000032,641.86
2014-07-10,121866.79800000064,641.82
2014-07-11,121581.236,641.78
2014-07-12,121367.63,641.75
2014-07-13,121154.024,641.72
2014-07-14,120940.73300000008,641.69
2014-07-15,121011.62,641.7
2014-07-16,120798.95899999944,641.67
2014-07-17,121723.64,641.8
2014-07-18,122726.80200000048,641.94
2014-07-19,124241.3549999996,642.15
2014-07-20,125695.25000000042,642.35
2014-07-21,126133.37499999993,642.41
2014-07-22,126279.76499999977,642.43
2014-07-23,126133.37499999993,642.41
2014-07-24,125914.20800000016,642.38
2014-07-25,125695.25000000042,642.35
2014-07-26,125403.30599999992,642.31
2014-07-27,125112.298,642.27
2014-07-28,124894.276,642.24
2014-07-29,124676.254,642.21
2014-07-30,124458.68999999936,642.18
2014-07-31,124531.13500000008,642.19
2014-08-01,124313.79999999952,642.16
2014-08-02,124168.90999999968,642.14
2014-08-03,123951.57499999992,642.11
2014-08-04,123807.00300000008,642.09
2014-08-05,123590.62199999952,642.06
2014-08-06,123229.98699999992,642.01
2014-08-07,122870.48800000032,641.96
2014-08-08,122583.11599999983,641.92
2014-08-09,122153.11400000032,641.86
2014-08-10,121652.438,641.79
2014-08-11,121296.428,641.74
2014-08-12,120869.84599999936,641.68
2014-08-13,120373.63699999992,641.61
2014-08-14,119809.20799999977,641.53
2014-08-15,119246.7300000004,641.45
2014-08-16,118965.96199999993,641.41
2014-08-17,118895.77,641.4
2014-08-18,118616.00600000031,641.36
2014-08-19,118895.77,641.4
2014-08-20,118406.18300000056,641.33
2014-08-21,117917.86,641.26
2014-08-22,117430.70200000008,641.19
2014-08-23,117014.25399999975,641.13
2014-08-24,116460.4699999996,641.05
2014-08-25,116114.91,641.0
2014-08-26,115770.6450000004,640.95
2014-08-27,115289.14200000017,640.88
2014-08-28,114877.42800000064,640.82
2014-08-29,114671.901,640.79
2014-08-30,114330.456,640.74
2014-08-31,113853.17699999946,640.67
2014-09-01,113376.89,640.6
2014-09-02,112970.4619999997,640.54
2014-09-03,112564.51000000015,640.48
2014-09-04,112092.00999999992,640.41
2014-09-05,111620.68600000044,640.34
2014-09-06,111351.47,640.3
2014-09-07,111083.35,640.26
2014-09-08,110614.33600000008,640.19
2014-09-09,110146.49799999985,640.12
2014-09-10,109547.12699999976,640.03
2014-09-11,109281.36700000009,639.99
2014-09-12,108884.32899999977,639.93
2014-09-13,108225.14700000052,639.83
2014-09-14,107700.75,639.75
2014-09-15,107373.78,639.7
2014-09-16,107048.24499999965,639.65
2014-09-17,106593.12000000016,639.58
2014-09-18,106204.34999999985,639.52
2014-09-19,105816.5880000003,639.46
2014-09-20,105429.33,639.4
2014-09-21,105043.41600000043,639.34
2014-09-22,104594.164,639.27
2014-09-23,104082.46700000008,639.19
2014-09-24,103636.19599999984,639.12
2014-09-25,103127.88799999972,639.04
2014-09-26,102684.32700000022,638.97
2014-09-27,102431.4029999998,638.93
2014-09-28,102241.71,638.9
2014-09-29,102052.56000000022,638.87
2014-09-30,101800.36000000052,638.83
2014-10-01,101485.62,638.78
2014-10-02,101297.235,638.75
2014-10-03,101108.85,638.72
2014-10-04,100732.81599999956,638.66
2014-10-05,100419.76099999993,638.61
2014-10-06,100294.79900000009,638.59
2014-10-07,100170.0970000002,638.57
2014-10-08,99920.69299999978,638.53
2014-10-09,99733.64,638.5
2014-10-10,99609.36800000016,638.48
2014-10-11,99920.69299999978,638.53
2014-10-12,99733.64,638.5
2014-10-13,100607.5939999997,638.64
2014-10-14,100670.20499999964,638.65
2014-10-15,100732.81599999956,638.66
2014-10-16,100858.03799999942,638.68
2014-10-17,100983.26,638.7
2014-10-18,100983.26,638.7
2014-10-19,100795.4269999995,638.67
2014-10-20,100732.81599999956,638.66
2014-10-21,100670.20499999964,638.65
2014-10-22,100607.5939999997,638.64
2014-10-23,100482.37199999986,638.62
2014-10-24,100357.15,638.6
2014-10-25,100294.79900000009,638.59
2014-10-26,100232.44800000012,638.58
2014-10-27,100045.39499999964,638.55
2014-10-28,100107.74599999958,638.56
2014-10-29,99920.69299999978,638.53
2014-10-30,99733.64,638.5
2014-10-31,99733.64,638.5
2014-11-01,99485.09600000028,638.46
2014-11-02,99298.6879999998,638.43
2014-11-03,99298.6879999998,638.43
2014-11-04,99920.69299999978,638.53
2014-11-05,100544.98299999976,638.63
2014-11-06,100670.20499999964,638.65
2014-11-07,100607.5939999997,638.64
2014-11-08,100795.4269999995,638.67
2014-11-09,100732.81599999956,638.66
2014-11-10,100732.81599999956,638.66
2014-11-11,101046.055,638.71
2014-11-12,100795.4269999995,638.67
2014-11-13,100482.37199999986,638.62
2014-11-14,100232.44800000012,638.58
2014-11-15,100107.74599999958,638.56
2014-11-16,100357.15,638.6
2014-11-17,100232.44800000012,638.58
2014-11-18,100107.74599999958,638.56
2014-11-19,100045.39499999964,638.55
2014-11-20,100045.39499999964,638.55
2014-11-21,100045.39499999964,638.55
2014-11-22,100482.37199999986,638.62
2014-11-23,101046.055,638.71
2014-11-24,100983.26,638.7
2014-11-25,100983.26,638.7
2014-11-26,100920.64900000006,638.69
2014-11-27,100858.03799999942,638.68
2014-11-28,100795.4269999995,638.67
2014-11-29,100795.4269999995,638.67
2014-11-30,100795.4269999995,638.67
2014-12-01,100920.64900000006,638.69
2014-12-02,100670.20499999964,638.65
2014-12-03,100607.5939999997,638.64
2014-12-04,100607.5939999997,638.64
2014-12-05,100732.81599999956,638.66
2014-12-06,100732.81599999956,638.66
2014-12-07,100670.20499999964,638.65
2014-12-08,100607.5939999997,638.64
2014-12-09,100607.5939999997,638.64
2014-12-10,100607.5939999997,638.64
2014-12-11,100607.5939999997,638.64
2014-12-12,100607.5939999997,638.64
2014-12-13,100607.5939999997,638.64
2014-12-14,100607.5939999997,638.64
2014-12-15,100795.4269999995,638.67
2014-12-16,100732.81599999956,638.66
2014-12-17,100607.5939999997,638.64
2014-12-18,100732.81599999956,638.66
2014-12-19,100795.4269999995,638.67
2014-12-20,100795.4269999995,638.67
2014-12-21,100670.20499999964,638.65
2014-12-22,100795.4269999995,638.67
2014-12-23,101046.055,638.71
2014-12-24,101046.055,638.71
2014-12-25,100732.81599999956,638.66
2014-12-26,100858.03799999942,638.68
2014-12-27,101108.85,638.72
2014-12-28,100858.03799999942,638.68
2014-12-29,100795.4269999995,638.67
2014-12-30,100858.03799999942,638.68
2014-12-31,100858.03799999942,638.68
2015-01-01,100920.64900000006,638.69
2015-01-02,101297.235,638.75
2015-01-03,101737.31000000058,638.82
2015-01-04,101863.41000000044,638.84
2015-01-05,101611.21,638.8
2015-01-06,101548.415,638.79
2015-01-07,101674.25999999994,638.81
2015-01-08,101171.645,638.73
2015-01-09,101171.645,638.73
2015-01-10,100920.64900000006,638.69
2015-01-11,100920.64900000006,638.69
2015-01-12,100983.26,638.7
2015-01-13,100795.4269999995,638.67
2015-01-14,100670.20499999964,638.65
2015-01-15,100544.98299999976,638.63
2015-01-16,100357.15,638.6
2015-01-17,100294.79900000009,638.59
2015-01-18,100107.74599999958,638.56
2015-01-19,100045.39499999964,638.55
2015-01-20,99920.69299999978,638.53
2015-01-21,99795.99099999992,638.51
2015-01-22,100419.76099999993,638.61
2015-01-23,100419.76099999993,638.61
2015-01-24,100357.15,638.6
2015-01-25,100357.15,638.6
2015-01-26,100170.0970000002,638.57
2015-01-28,99983.04399999972,638.54
2015-01-29,99983.04399999972,638.54
2015-01-30,99733.64,638.5
2015-01-31,99609.36800000016,638.48
2015-02-01,100170.0970000002,638.57
2015-02-02,99920.69299999978,638.53
2015-02-03,99671.50400000007,638.49
2015-02-04,99671.50400000007,638.49
2015-02-05,99547.2320000002,638.47
2015-02-06,99298.6879999998,638.43
2015-02-07,99174.41599999992,638.41
2015-02-08,99174.41599999992,638.41
2015-02-09,99112.28,638.4
2015-02-10,98926.39400000022,638.37
2015-02-11,98864.43200000028,638.36
2015-02-12,98616.58400000056,638.32
2015-02-13,98307.545,638.27
2015-02-14,98184.135,638.25
2015-02-15,97937.315,638.21
2015-02-16,98122.43,638.24
2015-02-17,97752.58199999944,638.18
2015-02-18,97568.03999999964,638.15
2015-02-19,97321.98399999992,638.11
2015-02-20,97137.98200000012,638.08
2015-02-21,97199.22600000008,638.09
2015-02-22,97445.01199999978,638.13
2015-02-23,97937.315,638.21
2015-02-24,97814.09600000008,638.19
2015-02-25,98245.84,638.26
2015-02-26,98616.58400000056,638.32
2015-02-27,98492.66,638.3
2015-02-28,98616.58400000056,638.32
2015-03-01,98740.50800000042,638.34
2015-03-02,98802.47000000036,638.35
2015-03-03,98802.47000000036,638.35
2015-03-04,99112.28,638.4
2015-03-05,99174.41599999992,638.41
2015-03-06,99050.31800000009,638.39
2015-03-07,99050.31800000009,638.39
2015-03-08,99050.31800000009,638.39
2015-03-09,99298.6879999998,638.43
2015-03-10,99422.96000000036,638.45
2015-03-11,99360.82400000044,638.44
2015-03-12,99360.82400000044,638.44
2015-03-13,99360.82400000044,638.44
2015-03-14,99422.96000000036,638.45
2015-03-15,99236.55199999984,638.42
2015-03-16,99112.28,638.4
2015-03-17,99050.31800000009,638.39
2015-03-18,99422.96000000036,638.45
2015-03-19,99858.34199999986,638.52
2015-03-20,100357.15,638.6
2015-03-21,100795.4269999995,638.67
2015-03-22,101548.415,638.79
2015-03-23,102178.66000000008,638.89
2015-03-24,102747.55800000016,638.98
2015-03-25,103127.88799999972,639.04
2015-03-26,103763.70199999971,639.14
2015-03-27,103827.45499999964,639.15
2015-03-28,103954.9609999995,639.17
2015-03-29,104210.212,639.21
2015-03-30,104466.18,639.25
2015-03-31,104658.156,639.28
2015-04-01,105172.0540000003,639.36
2015-04-02,106204.34999999985,639.52
2015-04-03,106722.71,639.6
2015-04-04,106722.71,639.6
2015-04-05,107113.35199999956,639.66
2015-04-06,107569.962,639.73
2015-04-07,107896.932,639.78
2015-04-08,108093.52899999992,639.81
2015-04-09,108554.19200000014,639.88
2015-04-10,109016.67500000037,639.95
2015-04-11,109215.19400000016,639.98
2015-04-12,109547.12699999976,640.03
2015-04-13,111351.47,640.3
2015-04-14,113038.19999999962,640.55
2015-04-15,113444.93099999992,640.61
2015-04-16,113785.13599999952,640.66
2015-04-17,114330.456,640.74
2015-04-18,115426.38,640.9
2015-04-19,117500.11,641.2
2015-04-20,118057.11,641.28
2015-04-21,118406.18300000056,641.33
2015-04-22,118825.82900000009,641.39
2015-04-23,119738.70199999984,641.52
2015-04-24,121938.37700000056,641.83
2015-04-25,126645.74000000017,642.48
2015-04-26,128781.961,642.77
2015-04-27,131388.03799999983,643.12
2015-04-28,133043.0200000005,643.34
2015-04-29,133875.98000000042,643.45
2015-04-30,134407.62799999982,643.52
2015-05-01,134864.58200000017,643.58
2015-05-02,135169.90399999983,643.62
2015-05-03,135399.40999999957,643.65
2015-05-04,135628.9159999993,643.68
2015-05-05,135935.446,643.72
2015-05-06,136784.2280000006,643.83
2015-05-07,137488.68999999983,643.92
2015-05-08,141109.63800000018,644.38
2015-05-09,143882.69100000002,644.73
2015-05-10,150278.9599999997,645.53
2015-05-11,168621.391,647.77
2015-05-12,179018.36,649.0
2015-05-13,181868.2600000007,649.33
2015-05-14,183520.68799999985,649.52
2015-05-15,183433.4089999999,649.51
2015-05-16,181868.2600000007,649.33
2015-05-17,180225.1919999996,649.14
2015-05-18,179535.5599999994,649.06
2015-05-19,179276.9599999997,649.03
2015-05-20,179621.76000000027,649.07
2015-05-21,182475.79,649.4
2015-05-22,186235.8660000007,649.83
2015-05-23,186940.20599999992,649.91
2015-05-24,186235.8660000007,649.83
2015-05-25,184656.5349999995,649.65
2015-05-26,187028.46199999985,649.92
2015-05-27,185357.454,649.73
2015-05-28,184744.0579999994,649.66
2015-05-29,187646.2540000001,649.99
2015-05-30,188265.5159999994,650.06
2015-05-31,189862.926,650.24
2015-06-01,195516.2020000003,650.87
2015-06-02,198881.652,651.24
2015-06-03,200163.6820000002,651.38
2015-06-04,200347.04,651.4
2015-06-05,199247.384,651.28
2015-06-06,197149.2949999995,651.05
2015-06-07,192632.6049999995,650.55
2015-06-08,189506.97,650.2
2015-06-09,187116.7179999997,649.93
2015-06-10,184919.1039999992,649.68
2015-06-11,184656.5349999995,649.65
2015-06-12,185269.686,649.72
2015-06-13,184831.5809999993,649.67
2015-06-14,183869.80399999945,649.56
2015-06-15,183957.0830000003,649.57
2015-06-16,181088.62,649.24
2015-06-17,182997.9940000004,649.46
2015-06-18,192722.3279999994,650.56
2015-06-19,205060.7549999999,651.91
2015-06-20,208614.182,652.29
2015-06-21,201542.76099999968,651.53
2015-06-22,193441.0879999996,650.64
2015-06-23,187911.5119999998,650.02
2015-06-24,184569.0119999996,649.64
2015-06-25,182736.8919999997,649.43
2015-06-26,181868.2600000007,649.33
2015-06-27,180915.53,649.22
2015-06-28,180915.53,649.22
2015-06-29,181002.075,649.23
2015-06-30,180828.985,649.21
2015-07-01,181348.255,649.27
2015-07-02,181694.6799999999,649.31
2015-07-03,181868.2600000007,649.33
2015-07-04,181955.0500000006,649.34
2015-07-05,181955.0500000006,649.34
2015-07-06,181694.6799999999,649.31
2015-07-07,181694.6799999999,649.31
2015-07-08,182128.6300000004,649.36
2015-07-09,181607.89,649.3
2015-07-10,181781.4700000008,649.32
2015-07-11,182562.8239999999,649.41
2015-07-12,183346.13,649.5
2015-07-13,183433.4089999999,649.51
2015-07-14,183259.0960000001,649.49
2015-07-15,183346.13,649.5
2015-07-16,183172.0620000002,649.48
2015-07-17,182823.9260000006,649.44
2015-07-18,182649.8579999998,649.42
2015-07-19,182389.0000000001,649.39
2015-07-20,182128.6300000004,649.36
2015-07-21,181868.2600000007,649.33
2015-07-22,181607.89,649.3
2015-07-23,181261.71,649.26
2015-07-24,181002.075,649.23
2015-07-25,180742.44,649.2
2015-07-26,180483.8159999993,649.17
2015-07-27,180225.1919999996,649.14
2015-07-28,179966.56799999988,649.11
2015-07-29,179621.76000000027,649.07
2015-07-30,179363.1599999996,649.04
2015-07-31,179018.36,649.0
2015-08-01,178589.2400000005,648.95
2015-08-02,178160.12,648.9
2015-08-03,177646.68800000058,648.84
2015-08-04,176963.376,648.76
2015-08-05,176196.64199999932,648.67
2015-08-06,175346.81600000028,648.57
2015-08-07,174584.15200000018,648.48
2015-08-08,173823.1400000001,648.39
2015-08-09,172979.18899999998,648.29
2015-08-10,172221.65,648.2
2015-08-11,171549.35399999982,648.12
2015-08-12,170710.7999999998,648.02
2015-08-13,170208.6080000004,647.96
2015-08-14,169957.6789999997,647.93
2015-08-15,169790.3929999999,647.91
2015-08-16,169623.2140000001,647.89
2015-08-17,169456.14200000028,647.87
2015-08-18,169205.53400000057,647.84
2015-08-19,169205.53400000057,647.84
2015-08-20,169289.07000000047,647.85
2015-08-21,169372.60600000038,647.86
2015-08-22,169205.53400000057,647.84
2015-08-23,169205.53400000057,647.84
2015-08-24,169205.53400000057,647.84
2015-08-25,169038.4620000008,647.82
2015-08-26,168954.92599999992,647.81
2015-08-27,168788.057,647.79
2015-08-28,168538.05800000002,647.76
2015-08-29,168454.725,647.75
2015-08-30,168288.059,647.73
2015-08-31,168121.393,647.71
2015-09-01,167954.8230000001,647.69
2015-09-02,167788.34899999935,647.67
2015-09-03,167621.87499999953,647.65
2015-09-04,167372.16399999982,647.62
2015-09-05,167122.6460000001,647.59
2015-09-06,167039.6020000002,647.58
2015-09-07,166873.51399999944,647.56
2015-09-08,166707.42599999963,647.54
2015-09-09,166956.55800000028,647.57
2015-09-10,167039.6020000002,647.58
2015-09-11,166873.51399999944,647.56
2015-09-12,166624.38199999972,647.53
2015-09-13,166209.43400000018,647.48
2015-09-14,165794.89399999974,647.43
2015-09-15,165629.07799999992,647.41
2015-09-16,165380.5260000002,647.38
2015-09-17,165214.8820000004,647.36
2015-09-18,165049.23800000057,647.34
2015-09-19,165049.23800000057,647.34
2015-09-20,164966.41600000067,647.33
2015-09-21,164883.59400000077,647.32
2015-09-22,164800.7719999999,647.31
2015-09-23,164635.31300000002,647.29
2015-09-24,164387.402,647.26
2015-09-25,164304.765,647.25
2015-09-26,164222.128,647.24
2015-09-27,164056.854,647.22
2015-09-28,163891.58,647.2
2015-09-29,163891.58,647.2
2015-09-30,163809.0240000001,647.19
2015-10-01,163643.91199999934,647.17
2015-10-02,163478.79999999952,647.15
2015-10-03,163231.1319999998,647.12
2015-10-04,163066.02,647.1
2015-10-05,162983.64700000008,647.09
2015-10-06,162818.90100000027,647.07
2015-10-07,162736.52799999944,647.06
2015-10-08,162736.52799999944,647.06
2015-10-09,162736.52799999944,647.06
2015-10-10,162571.78199999963,647.04
2015-10-11,162407.03599999982,647.02
2015-10-12,162489.40899999972,647.03
2015-10-13,162324.6629999999,647.01
2015-10-14,162160.0480000001,646.99
2015-10-15,161995.56400000027,646.97
2015-10-16,161913.32200000036,646.96
2015-10-17,161666.59599999973,646.93
2015-10-18,161502.1119999999,646.91
2015-10-19,161255.54600000018,646.88
2015-10-20,161091.22200000036,646.86
2015-10-21,161009.06000000046,646.85
2015-10-22,161337.7080000001,646.89
2015-10-23,163148.57599999988,647.11
2015-10-24,165629.07799999992,647.41
2015-10-25,166126.52600000027,647.47
2015-10-27,165711.98599999983,647.42
2015-10-28,165629.07799999992,647.41
2015-10-29,165380.5260000002,647.38
2015-10-30,165877.80200000058,647.44
2015-10-31,168621.391,647.77
2015-11-01,170794.6099999997,648.03
2015-11-02,173316.62000000066,648.33
2015-11-03,174838.0879999999,648.51
2015-11-04,175262.0279999994,648.56
2015-11-05,175516.39200000008,648.59
2015-11-06,176026.5099999995,648.65
2015-11-07,176878.12,648.75
2015-11-08,177048.63199999998,648.77
2015-11-09,177048.63199999998,648.77
2015-11-10,176878.12,648.75
2015-11-11,176963.376,648.76
2015-11-12,176707.608,648.73
2015-11-13,176366.7740000001,648.69
2015-11-14,176026.5099999995,648.65
2015-11-15,175856.3779999997,648.63
2015-11-16,176026.5099999995,648.65
2015-11-17,176622.35199999998,648.72
2015-11-18,176537.096,648.71
2015-11-19,176451.84,648.7
2015-11-20,176111.57599999942,648.66
2015-11-21,176196.64199999932,648.67
2015-11-22,175601.18,648.6
2015-11-23,175262.0279999994,648.56
2015-11-24,174922.8759999998,648.52
2015-11-25,174753.3,648.5
2015-11-26,175177.2399999995,648.55
2015-11-27,182997.9940000004,649.46
2015-11-28,191826.0740000004,650.46
2015-11-29,194071.102,650.71
2015-11-30,192453.1589999997,650.53
2015-12-01,188885.75499999968,650.13
2015-12-02,186499.9020000004,649.86
2015-12-03,184481.4889999997,649.63
2015-12-04,183172.0620000002,649.48
2015-12-05,183172.0620000002,649.48
2015-12-06,183085.0280000003,649.47
2015-12-07,182215.4200000003,649.37
2015-12-08,181348.255,649.27
2015-12-09,181088.62,649.24
2015-12-10,180828.985,649.21
2015-12-11,180656.2320000001,649.19
2015-12-12,180052.77599999978,649.12
2015-12-13,179880.36,649.1
2015-12-14,180656.2320000001,649.19
2015-12-15,181175.165,649.25
2015-12-16,181521.345,649.29
2015-12-17,181521.345,649.29
2015-12-18,181348.255,649.27
2015-12-20,180656.2320000001,649.19
2015-12-21,180742.44,649.2
2015-12-22,180397.6079999994,649.16
2015-12-23,180397.6079999994,649.16
2015-12-24,180311.3999999995,649.15
2015-12-25,180138.9839999997,649.13
2015-12-26,180483.8159999993,649.17
2015-12-27,184131.6410000001,649.59
2015-12-28,185532.99,649.75
2015-12-29,184744.0579999994,649.66
2015-12-30,183957.0830000003,649.57
2015-12-31,183172.0620000002,649.48
2016-01-01,182562.8239999999,649.41
2016-01-02,182215.4200000003,649.37
2016-01-03,181955.0500000006,649.34
2016-01-04,181607.89,649.3
2016-01-05,181434.8,649.28
2016-01-06,181088.62,649.24
2016-01-07,181348.255,649.27
2016-01-08,181261.71,649.26
2016-01-09,181694.6799999999,649.31
2016-01-10,181521.345,649.29
2016-01-11,181434.8,649.28
2016-01-12,181521.345,649.29
2016-01-13,181521.345,649.29
2016-01-14,180915.53,649.22
2016-01-15,181175.165,649.25
2016-01-16,181175.165,649.25
2016-01-17,181088.62,649.24
2016-01-18,181002.075,649.23
2016-01-19,180915.53,649.22
2016-01-20,180915.53,649.22
2016-01-21,181175.165,649.25
2016-01-22,181261.71,649.26
2016-01-23,181002.075,649.23
2016-01-24,181002.075,649.23
2016-01-25,181348.255,649.27
2016-01-26,181348.255,649.27
2016-01-27,181261.71,649.26
2016-01-28,181348.255,649.27
2016-01-29,181261.71,649.26
2016-01-30,181261.71,649.26
2016-01-31,181348.255,649.27
2016-02-01,181261.71,649.26
2016-02-02,181434.8,649.28
2016-02-03,181348.255,649.27
2016-02-04,181002.075,649.23
2016-02-05,180828.985,649.21
2016-02-06,180915.53,649.22
2016-02-07,180828.985,649.21
2016-02-08,181002.075,649.23
2016-02-09,180742.44,649.2
2016-02-10,180483.8159999993,649.17
2016-02-11,180570.0239999992,649.18
2016-02-12,180742.44,649.2
2016-02-13,180656.2320000001,649.19
2016-02-14,180656.2320000001,649.19
2016-02-15,180742.44,649.2
2016-02-16,180656.2320000001,649.19
2016-02-17,180483.8159999993,649.17
2016-02-18,180225.1919999996,649.14
2016-02-19,180397.6079999994,649.16
2016-02-20,180483.8159999993,649.17
2016-02-21,180656.2320000001,649.19
2016-02-22,180915.53,649.22
2016-02-23,182475.79,649.4
2016-02-24,182823.9260000006,649.44
2016-02-25,182997.9940000004,649.46
2016-02-26,182302.2100000002,649.38
2016-02-27,181868.2600000007,649.33
2016-02-28,181868.2600000007,649.33
2016-02-29,181694.6799999999,649.31
2016-03-01,181521.345,649.29
2016-03-02,180915.53,649.22
2016-03-03,181002.075,649.23
2016-03-04,180483.8159999993,649.17
2016-03-05,180570.0239999992,649.18
2016-03-06,180397.6079999994,649.16
2016-03-07,180570.0239999992,649.18
2016-03-08,185181.918,649.71
2016-03-09,188442.5180000002,650.08
2016-03-10,188442.5180000002,650.08
2016-03-11,188265.5159999994,650.06
2016-03-12,186587.9140000003,649.87
2016-03-13,184744.0579999994,649.66
2016-03-14,182215.4200000003,649.37
2016-03-15,180483.8159999993,649.17
2016-03-16,180915.53,649.22
2016-03-17,180570.0239999992,649.18
2016-03-18,180311.3999999995,649.15
2016-03-19,180828.985,649.21
2016-03-20,181002.075,649.23
2016-03-21,180742.44,649.2
2016-03-22,180397.6079999994,649.16
2016-03-23,180742.44,649.2
2016-03-24,182215.4200000003,649.37
2016-03-25,181175.165,649.25
2016-03-26,180483.8159999993,649.17
2016-03-27,180570.0239999992,649.18
2016-03-28,180397.6079999994,649.16
2016-03-29,180311.3999999995,649.15
2016-03-30,180397.6079999994,649.16
2016-03-31,180915.53,649.22
2016-04-01,180828.985,649.21
2016-04-02,180483.8159999993,649.17
2016-04-03,180138.9839999997,649.13
2016-04-04,179880.36,649.1
2016-04-05,179621.76000000027,649.07
2016-04-06,179794.1600000001,649.09
2016-04-07,179621.76000000027,649.07
2016-04-10,179794.1600000001,649.09
2016-04-11,180397.6079999994,649.16
2016-04-12,179966.56799999988,649.11
2016-04-13,179966.56799999988,649.11
2016-04-14,180052.77599999978,649.12
2016-04-15,180052.77599999978,649.12
2016-04-16,180052.77599999978,649.12
2016-04-17,182389.0000000001,649.39
2016-04-18,183172.0620000002,649.48
2016-04-19,181521.345,649.29
2016-04-20,186587.9140000003,649.87
2016-04-21,194071.102,650.71
2016-04-22,195968.9699999998,650.92
2016-04-23,196150.37000000064,650.94
2016-04-24,195244.8340000006,650.84
2016-04-25,193800.9559999992,650.68
2016-04-26,192183.99,650.5
2016-04-27,191736.5950000005,650.45
2016-04-28,189506.97,650.2
2016-04-29,185708.526,649.77
2016-04-30,181955.0500000006,649.34
2016-05-01,181088.62,649.24
2016-05-02,180915.53,649.22
2016-05-03,180483.8159999993,649.17
2016-05-04,180828.985,649.21
2016-05-05,180397.6079999994,649.16
2016-05-06,180742.44,649.2
2016-05-07,181088.62,649.24
2016-05-08,181348.255,649.27
2016-05-09,181607.89,649.3
2016-05-10,180225.1919999996,649.14
2016-05-11,179707.9600000002,649.08
2016-05-12,181088.62,649.24
2016-05-13,182649.8579999998,649.42
2016-05-14,182041.8400000005,649.35
2016-05-15,180656.2320000001,649.19
2016-05-16,179880.36,649.1
2016-05-17,180742.44,649.2
2016-05-18,180052.77599999978,649.12
2016-05-19,179707.9600000002,649.08
2016-05-20,180397.6079999994,649.16
2016-05-21,181002.075,649.23
2016-05-22,181521.345,649.29
2016-05-23,181607.89,649.3
2016-05-24,181607.89,649.3
2016-05-25,180656.2320000001,649.19
2016-05-26,180138.9839999997,649.13
2016-05-27,181607.89,649.3
2016-05-28,182997.9940000004,649.46
2016-05-29,183607.9669999997,649.53
2016-05-30,184306.4429999999,649.61
2016-05-31,183259.0960000001,649.49
2016-06-01,182736.8919999997,649.43
2016-06-02,184306.4429999999,649.61
2016-06-03,185620.758,649.76
2016-06-04,184306.4429999999,649.61
2016-06-05,184831.5809999993,649.67
2016-06-06,187734.51,650.0
2016-06-07,188619.52,650.1
2016-06-08,188000.0129999997,650.03
2016-06-09,186499.9020000004,649.86
2016-06-10,185181.918,649.71
2016-06-11,183695.2459999996,649.54
2016-06-12,183085.0280000003,649.47
2016-06-13,182823.9260000006,649.44
2016-06-14,181868.2600000007,649.33
2016-06-15,182302.2100000002,649.38
2016-06-16,183695.2459999996,649.54
2016-06-17,184569.0119999996,649.64
2016-06-18,185445.222,649.74
2016-06-19,185006.6270000001,649.69
2016-06-20,184218.92,649.6
2016-06-21,184044.3620000002,649.58
2016-06-22,183869.80399999945,649.56
2016-06-23,183782.5249999995,649.55
2016-06-24,183433.4089999999,649.51
2016-06-25,183172.0620000002,649.48
2016-06-26,183085.0280000003,649.47
2016-06-27,183085.0280000003,649.47
2016-06-28,182997.9940000004,649.46
2016-06-29,182736.8919999997,649.43
2016-06-30,182475.79,649.4
2016-07-01,182215.4200000003,649.37
2016-07-02,181868.2600000007,649.33
2016-07-03,181521.345,649.29
2016-07-04,181781.4700000008,649.32
2016-07-05,181868.2600000007,649.33
2016-07-06,182041.8400000005,649.35
2016-07-07,181955.0500000006,649.34
2016-07-08,181781.4700000008,649.32
2016-07-09,181781.4700000008,649.32
2016-07-10,181781.4700000008,649.32
2016-07-11,181694.6799999999,649.31
2016-07-12,181434.8,649.28
2016-07-13,181521.345,649.29
2016-07-14,181607.89,649.3
2016-07-15,181781.4700000008,649.32
2016-07-16,181781.4700000008,649.32
2016-07-17,181781.4700000008,649.32
2016-07-18,181955.0500000006,649.34
2016-07-19,182041.8400000005,649.35
2016-07-20,181868.2600000007,649.33
2016-07-21,181607.89,649.3
2016-07-22,181261.71,649.26
2016-07-23,181002.075,649.23
2016-07-24,180656.2320000001,649.19
2016-07-25,180397.6079999994,649.16
2016-07-26,180225.1919999996,649.14
2016-07-27,179966.56799999988,649.11
2016-07-28,179535.5599999994,649.06
2016-07-29,179276.9599999997,649.03
2016-07-30,178932.53600000008,648.99
2016-07-31,178417.5919999997,648.93
2016-08-01,177903.4040000003,648.87
2016-08-02,177389.9719999999,648.81
2016-08-03,176792.864,648.74
2016-08-04,176111.57599999942,648.66
2016-08-05,175431.6040000002,648.58
2016-08-06,174668.72600000008,648.49
2016-08-07,173907.56,648.4
2016-08-08,173147.77999999988,648.31
2016-08-09,172389.992,648.22
2016-08-10,171717.4279999996,648.14
2016-08-11,171046.03999999943,648.06
2016-08-12,170459.5370000001,647.99
2016-08-13,170208.6080000004,647.96
2016-08-14,169790.3929999999,647.91
2016-08-15,169289.07000000047,647.85
2016-08-16,168954.92599999992,647.81
2016-08-17,168621.391,647.77
2016-08-18,168371.392,647.74
2016-08-19,169289.07000000047,647.85
2016-08-20,175601.18,648.6
2016-08-21,179794.1600000001,649.09
2016-08-22,181607.89,649.3
2016-08-23,182215.4200000003,649.37
2016-08-24,181175.165,649.25
2016-08-25,181088.62,649.24
2016-08-26,181521.345,649.29
2016-08-27,182041.8400000005,649.35
2016-08-28,181955.0500000006,649.34
2016-08-29,182041.8400000005,649.35
2016-08-30,182389.0000000001,649.39
2016-08-31,182475.79,649.4
2016-09-01,182389.0000000001,649.39
2016-09-02,182475.79,649.4
2016-09-03,182649.8579999998,649.42
2016-09-04,182389.0000000001,649.39
2016-09-05,182128.6300000004,649.36
2016-09-06,181607.89,649.3
2016-09-07,181434.8,649.28
2016-09-08,181175.165,649.25
2016-09-09,180828.985,649.21
2016-09-10,181521.345,649.29
2016-09-11,181607.89,649.3
2016-09-12,181521.345,649.29
2016-09-13,181434.8,649.28
2016-09-14,181521.345,649.29
2016-09-15,181781.4700000008,649.32
2016-09-16,181955.0500000006,649.34
2016-09-17,182041.8400000005,649.35
2016-09-18,181868.2600000007,649.33
2016-09-19,181607.89,649.3
2016-09-20,181434.8,649.28
2016-09-21,181175.165,649.25
2016-09-22,180742.44,649.2
2016-09-23,180052.77599999978,649.12
2016-09-24,179363.1599999996,649.04
2016-09-25,179190.75999999978,649.02
2016-09-26,179190.75999999978,649.02
2016-09-27,179190.75999999978,649.02
2016-09-28,179104.55999999988,649.01
2016-09-29,178932.53600000008,648.99
2016-09-30,178675.0640000004,648.96
2016-10-01,178417.5919999997,648.93
2016-10-02,178160.12,648.9
2016-10-03,177903.4040000003,648.87
2016-10-04,177561.11600000068,648.83
2016-10-05,177304.4,648.8
2016-10-06,177048.63199999998,648.77
2016-10-07,178331.7679999998,648.92
2016-10-08,178760.88800000027,648.97
2016-10-09,179104.55999999988,649.01
2016-10-10,179363.1599999996,649.04
2016-10-11,179449.3599999995,649.05
2016-10-12,179966.56799999988,649.11
2016-10-13,180915.53,649.22
2016-10-14,181868.2600000007,649.33
2016-10-15,182910.9600000005,649.45
2016-10-16,183520.68799999985,649.52
2016-10-17,183433.4089999999,649.51
2016-10-18,183346.13,649.5
2016-10-19,182997.9940000004,649.46
2016-10-20,183085.0280000003,649.47
2016-10-21,182389.0000000001,649.39
2016-10-22,181955.0500000006,649.34
2016-10-23,181694.6799999999,649.31
2016-10-24,181607.89,649.3
2016-10-25,181434.8,649.28
2016-10-26,181261.71,649.26
2016-10-27,181175.165,649.25
2016-10-28,181002.075,649.23
2016-10-29,180828.985,649.21
2016-10-30,180742.44,649.2
2016-10-31,180570.0239999992,649.18
2016-11-01,180311.3999999995,649.15
2016-11-02,180225.1919999996,649.14
2016-11-03,180742.44,649.2
2016-11-04,180742.44,649.2
2016-11-05,180656.2320000001,649.19
2016-11-06,180570.0239999992,649.18
2016-11-07,180656.2320000001,649.19
2016-11-08,181521.345,649.29
2016-11-09,180915.53,649.22
